user_id,latitude_longitude,place_category
e01d648a-e983-4ce8-885e-3395083a3ec7,"[40.1009502, -94.2708051]","[""grocery_store"",""flower_store""]"
6cc88a06-abfc-47d2-a12c-2ccfe2ea39d4,"[37.57553, -92.3118588]","[""shopping_mall""]"
073a00a6-2f5f-4199-8c4d-cb38bf322ce1,"[34.4474381, -98.7815541]","[""shopping_mall""]"
e6f1bda9-4f3c-44bb-b617-67667ffc5e0d,"[25.2419041, -80.8859209]",[]
c2d12c6f-5b77-43ef-a969-310b96a155db,"[42.6557543, -113.0805613]","[""restaurant""]"
9e78c398-36be-4d9f-8703-c90b03f659da,"[32.5203449, -86.0289411]","[""grocery_store"",""flower_store""]"
34ca7421-04bb-4ae1-8f6e-b7d87b40302e,"[39.9426772, -77.6815593]","[""convenience store""]"
f124b8e2-2735-4aaa-8fc8-073c11453abc,"[33.4201868, -78.4087903]","[""restaurant""]"
f3881126-27c8-468d-8f1b-c4b9ed949324,"[32.5323465, -87.1289045]","[""restaurant""]"
83b21a4a-5abf-4628-800a-034eab4d13ba,"[32.2351521, -74.9069694]","[""grocery_store"",""flower_store""]"
b4476e37-51c8-4cf8-9e01-4f7ff34f9578,"[39.0027967, -115.5808043]","[""convenience store""]"
170345e9-7163-40d0-a932-d7cbecbd659f,"[25.5874997, -106.4993126]","[""shopping_mall""]"
52e27393-e469-493b-bbd9-5fd590ad1134,"[38.6005774, -120.5836575]","[""grocery_store"",""flower_store""]"
96f73072-0a5e-4ac3-a1ee-79cbe8183d2f,"[29.119333, -71.7044029]",[]
fb74eca9-b6c5-4eaa-baa1-00ba3c1351c5,"[46.2216081, -113.0167066]","[""restaurant""]"
4bade6b7-6fdd-47ad-bb26-492368f97470,"[36.6975575, -67.0874704]","[""convenience store""]"
6ececa52-adce-47b8-8e6e-ded92c0d7aba,"[42.9866376, -93.2565366]","[""restaurant""]"
862b6578-a8ed-46ae-a087-f009661509f0,"[27.9584978, -77.6399129]","[""restaurant""]"
07d69ae7-4c3e-4986-85ff-5b96729610c9,"[25.2572182, -81.5475702]","[""shopping_mall""]"
d46014e6-8345-400c-9a49-5c5678456823,"[39.2071133, -71.3382288]",[]
0982f84d-4df2-473f-a8a3-19213e6872a6,"[44.3326318, -117.9406812]",[]
ed6202b6-df6a-4cf4-9f95-e371f126cd44,"[36.9520773, -99.2978522]","[""grocery_store"",""flower_store""]"
4abcd3cf-0252-49d4-972c-8c88399f066f,"[31.3401519, -86.6554236]","[""shopping_mall""]"
ebff8b56-6af3-4b08-ae8b-11a7445aa926,"[30.3003704, -119.114095]","[""restaurant""]"
63ca71a1-bd42-4e3d-975f-d313b25abd79,"[41.6569384, -76.44308]","[""convenience store""]"
2ca4d8f4-2979-4ebd-b4eb-f1a965f499e6,"[35.1306666, -82.9671402]",[]
8d62fd28-a754-435d-b30f-e50923d03323,"[26.1367675, -112.814309]","[""convenience store""]"
a2ba09c5-2350-4e2e-9d4a-24f8b393142e,"[29.4643464, -84.0882704]","[""convenience store""]"
c1df7482-bab5-412b-9f9c-84bfcf0b38d9,"[29.5429141, -104.1959132]","[""convenience store""]"
23ec29dc-4b05-445b-b334-f0751967943f,"[40.4902168, -104.7090819]","[""grocery_store"",""flower_store""]"
69c313ed-f0c8-4520-883e-7d827616c0b9,"[32.3354743, -123.4991774]","[""shopping_mall""]"
0c6f49a9-5444-41c4-9519-c787260978d6,"[43.7620524, -78.4008214]","[""grocery_store"",""flower_store""]"
559f1762-169c-4884-b0a8-4398a547aff9,"[25.1778959, -77.6236426]","[""convenience store""]"
5992ea15-65e8-4daa-87f5-a09bbdc3f1f3,"[45.507976, -120.2672417]","[""restaurant""]"
5d450154-0f25-4dc6-adb6-95492e15b08e,"[28.5278885, -79.61619]","[""restaurant""]"
b86fc075-28a2-4d44-b50c-2837c7388159,"[33.239088, -68.8427739]","[""grocery_store"",""flower_store""]"
86bb9551-0556-405e-88f1-bade07c80e89,"[44.03726, -108.8133106]","[""grocery_store"",""flower_store""]"
e1dd3577-1f3f-4c2e-85a2-38745a8b6497,"[40.5511048, -73.0506749]","[""shopping_mall""]"
daf49957-709e-478a-a418-d54d75e30e24,"[25.6058044, -96.7025784]","[""convenience store""]"
be586182-037f-4f53-b127-746802e537cb,"[47.3980731, -84.5707203]","[""shopping_mall""]"
de8f1405-0b87-43c3-ae4d-205cbc36df35,"[38.743212, -83.4333859]",[]
ff5de7b2-7d82-4891-882d-be4b3c0f2c87,"[25.0133515, -121.9625255]","[""restaurant""]"
0e43ef08-4ff1-4730-9a44-f6b39d6cacf1,"[40.8384015, -108.544475]",[]
be2b391c-27e1-492c-8904-e2611a5bec85,"[28.4055307, -101.4771472]","[""restaurant""]"
69b495ff-cd0e-4a66-b2a6-4f329d0d361a,"[46.3254399, -116.0063506]","[""grocery_store"",""flower_store""]"
c06cf857-db08-4622-80e8-5f38c3a518f2,"[44.6246597, -73.1887508]","[""restaurant""]"
06d93ec4-1ac0-4293-98e3-e62df3e1d2dd,"[30.9380662, -114.6490057]","[""shopping_mall""]"
8c1717de-0330-44d7-922a-b19afd99b49d,"[31.4760928, -80.4179228]","[""grocery_store"",""flower_store""]"
79e73ea2-448d-40c8-bf47-f8838f594892,"[36.0175876, -95.987511]","[""restaurant""]"
305fe0fa-baf2-4f42-ad31-19aff6631abc,"[45.9688415, -118.4649279]",[]
e358e412-156c-4d0b-9379-d3ce5c2e8fc5,"[48.6441399, -112.8915902]","[""convenience store""]"
bc7db6fb-1213-4242-9425-3cea74339c0a,"[36.1284885, -72.7170597]","[""shopping_mall""]"
1248fc79-08a9-45ac-93fa-e4d2af43bcb2,"[44.5002396, -67.1290301]","[""grocery_store"",""flower_store""]"
160276bf-678e-46da-b6a6-58f3ca0081c1,"[26.6479229, -86.8108822]","[""grocery_store"",""flower_store""]"
daeb8f1a-255c-4cd9-8a2b-34e93cff0393,"[35.2363216, -71.2221558]",[]
b144f9e3-f6c1-401f-a997-2637c50e4da1,"[29.5258878, -100.728206]","[""grocery_store"",""flower_store""]"
99e2ab1f-72c5-4505-bdce-b91db966e1ed,"[42.6800473, -72.0413121]","[""grocery_store"",""flower_store""]"
9bf3bf43-14dc-4da1-b1a9-7d55e7a68b0c,"[48.7175968, -75.2083293]","[""grocery_store"",""flower_store""]"
b67c5a25-f627-4cae-8337-64cc104b038e,"[29.9267423, -76.2801795]","[""grocery_store"",""flower_store""]"
8c1717de-0330-44d7-922a-b19afd99b49d,"[37.028441, -108.4115964]",[]
51e2905b-1f91-4829-a470-1a313eb4f80a,"[43.501666, -68.4025979]","[""restaurant""]"
d27cc069-6dcd-4b62-9d1f-7f20e62af949,"[27.3253387, -119.1153344]","[""shopping_mall""]"
7db50fd6-acb6-492b-8cf1-f6db832df187,"[37.340906, -84.4617059]","[""convenience store""]"
46093a63-5351-466c-8c70-5e22bf36277b,"[40.5764998, -108.0749529]",[]
b31db1cd-3a49-4739-a246-3c3d8b61284a,"[42.175929, -117.9819728]","[""grocery_store"",""flower_store""]"
7f83ae9c-51ed-49cd-954b-9edd6f0bf3b2,"[33.2685153, -76.7745333]","[""restaurant""]"
72c1dc9d-2191-49a6-9d45-7c97687a8313,"[29.6070427, -77.2726743]","[""convenience store""]"
198de21b-5781-408b-8175-e0c56b129423,"[29.0827107, -94.1751528]","[""convenience store""]"
04a50804-66ee-44c1-9f17-d03aef9b2cba,"[44.5196154, -107.4307814]","[""restaurant""]"
78464f61-a9bc-4eb6-b3c7-4fbf061730ea,"[29.4512974, -108.4725017]",[]
daeb8f1a-255c-4cd9-8a2b-34e93cff0393,"[39.6873994, -74.9135609]","[""convenience store""]"
362ea111-dff6-467a-ac3e-f7c649213fc9,"[25.6667491, -75.8280061]","[""restaurant""]"
5b6bc393-658a-42b8-bcc9-49738382d4d3,"[30.0901027, -91.1930376]","[""restaurant""]"
a79f98a9-7a91-47e9-a8e3-6feeb7d2b788,"[33.2309838, -94.2062164]","[""convenience store""]"
ab3b5b04-8558-42e8-a222-72fff96ad5fa,"[33.5562777, -106.4778222]",[]
5dc0dbf7-bb74-447c-8428-741522ef37d7,"[28.070602, -113.7499484]","[""shopping_mall""]"
cbabc946-70c5-48af-8af4-9ed1385cac5a,"[45.2443517, -101.6441373]",[]
7802b907-6b24-45f9-9cb5-8eba991a577d,"[44.9348355, -85.468334]","[""grocery_store"",""flower_store""]"
52359c18-61b1-43e9-bb8e-35278d9ab79e,"[45.6276224, -94.332575]",[]
9faff2b0-c03e-4b02-89a0-48d886afc9df,"[38.0062907, -81.4812883]",[]
2ca70b95-a180-4566-8b85-4d7e27b96a95,"[38.6505608, -113.6385392]","[""shopping_mall""]"
1f4a5bd8-b6fa-4de6-bbe0-a41f30c0c09c,"[27.9483288, -113.5704492]","[""restaurant""]"
2269982b-d42f-4724-82de-9aaf10ca03a5,"[39.0713491, -83.3090114]","[""convenience store""]"
054cc952-2ebd-4771-8b98-a538b780a26b,"[46.4632162, -75.1451198]","[""shopping_mall""]"
e16d7366-91d2-4583-a347-7e0548fc2ddd,"[30.3866671, -91.8285108]",[]
5dc50b79-a237-4d10-942c-55e5533d9dda,"[40.2299749, -86.5071837]",[]
b7c7d881-6e27-4d9a-b780-d1bccf7b2e18,"[25.1169028, -73.6086658]",[]
82017dae-46ee-4f5e-8ce7-f9aa128da904,"[46.4983686, -122.6048201]",[]
dd19866d-a83d-4f2a-abdb-9c9397de8cde,"[42.9256506, -75.6884904]","[""restaurant""]"
8d5cd94b-449e-4b7a-b0e5-6035f93d40de,"[45.5379947, -102.8589664]","[""grocery_store"",""flower_store""]"
f0530a7e-b490-416c-9765-535548557d74,"[44.2184245, -122.8862735]",[]
e2c66cc3-d12d-4fc4-b0ce-eb6d4a8e3e7a,"[32.2007466, -87.9581939]","[""restaurant""]"
178bab4d-3439-4db2-b20d-caf0791d28af,"[39.740648, -90.387595]",[]
ac5aa48e-3094-487f-b363-54edd0648d88,"[46.4236054, -91.5064014]","[""shopping_mall""]"
c233df1d-ab38-4e06-b940-c5e6fd91b3dc,"[27.0416761, -72.8472686]","[""grocery_store"",""flower_store""]"
2a491065-5058-43f5-b178-b10632bf4241,"[30.2429486, -91.3127551]","[""convenience store""]"
f9fe0fde-a60a-43ae-badc-31e0be5cd40b,"[41.9758835, -73.8753445]","[""convenience store""]"
47d1e358-b4fa-45b1-85cb-f4fcf0a7309b,"[28.9745244, -116.1181237]","[""shopping_mall""]"
8b75f386-aeba-47f2-81c4-38cbb780367e,"[45.0550485, -119.0448386]","[""grocery_store"",""flower_store""]"
e7aab273-d910-4f64-b52a-88fe4e2abcce,"[44.070158, -93.8875114]","[""convenience store""]"
0a761a99-baec-419c-ad50-518646fb2ee4,"[47.2296133, -69.535235]","[""restaurant""]"
394ee940-efc2-4480-8083-35c161f5cc73,"[34.7110149, -123.5452258]","[""convenience store""]"
e9d74d5f-60e5-43d7-a618-f34fc486660d,"[25.5274671, -118.8461988]","[""convenience store""]"
8deb5884-c780-4dcb-8810-cb0bbd8ab5ac,"[32.5480558, -77.539148]",[]
f6f9da53-75cd-47cf-80a8-1d197e1d0d69,"[47.0928819, -109.9773447]","[""restaurant""]"
b59f0772-395c-43ed-9ebb-4221ecff33e3,"[44.1247525, -81.4057367]","[""convenience store""]"
2e19a890-1b10-46c5-b480-05c5838bd160,"[47.3460289, -92.1373283]","[""grocery_store"",""flower_store""]"
1ec43ac2-0ad6-44cd-8677-4cdc64e7ebc7,"[45.1481105, -81.6301703]","[""shopping_mall""]"
9b330d41-05a6-4668-b5c8-0b1340b5704e,"[46.5878527, -86.1886585]","[""shopping_mall""]"
2269982b-d42f-4724-82de-9aaf10ca03a5,"[27.0068406, -103.4312703]","[""grocery_store"",""flower_store""]"
91dc4866-e0a2-422b-91fc-0487d162de59,"[34.4161384, -91.5129317]","[""grocery_store"",""flower_store""]"
c6e6b3bb-ff03-4e9a-bce5-3e135180cc2f,"[34.0722699, -82.871775]","[""grocery_store"",""flower_store""]"
63a92e36-4328-44fe-8965-c2d6b8f2694b,"[47.8320275, -97.470767]","[""convenience store""]"
1b1cdb78-3861-4f64-9490-11c8dc1ce225,"[47.1798468, -78.920474]","[""grocery_store"",""flower_store""]"
9d045e1d-56bc-4591-a271-fb65e3564980,"[36.67169, -75.4206614]","[""restaurant""]"
0303359b-faa3-4119-8a0e-890cf41027d9,"[40.8399009, -107.7010699]","[""restaurant""]"
d7cdd7d0-960f-4662-9621-57a36481a4ed,"[44.5677816, -87.852918]",[]
71c0ac60-be7a-4e69-8690-fec98f63310b,"[28.4645314, -108.3460177]","[""grocery_store"",""flower_store""]"
a2ad1fae-a6b2-4446-93c7-33d6cef3af4a,"[31.4249289, -106.0538082]",[]
5c84f93f-bb98-4ab1-b5aa-e3c07eac3317,"[42.5645637, -116.9667037]","[""restaurant""]"
0d00a841-0be4-406c-99cf-f81a9fb85e7e,"[34.2482098, -121.1086291]","[""grocery_store"",""flower_store""]"
3313c806-d758-4b3b-ac5c-3dba86444284,"[39.3779747, -86.3886025]","[""convenience store""]"
70652671-3b5f-4d7a-8d21-8b1ea5352319,"[46.7655835, -88.7975806]","[""shopping_mall""]"
67944f9a-47e2-4327-be89-872f8ee14839,"[43.5059038, -90.4689253]",[]
3bdeed8f-eedb-410e-89f2-9f08dbd58004,"[33.464503, -120.1352221]","[""grocery_store"",""flower_store""]"
3f67a639-5294-46e6-8fae-f29632d76580,"[30.7810839, -107.2652373]","[""shopping_mall""]"
a6ec5ac9-7dc3-44cc-8522-4ac8ce1001e6,"[40.9094054, -115.8461763]","[""shopping_mall""]"
82b93037-2c0a-4430-adf7-091f73e509c2,"[42.8847257, -80.897056]",[]
c90e9a55-9bff-433c-bc9d-2a35be033ab5,"[31.435637, -92.3772893]","[""shopping_mall""]"
a6471a80-c78e-4fd3-9fdd-2952f4237f54,"[25.8959189, -121.4991653]",[]
91e48c60-c78e-4c78-b2e3-c8a380927ae1,"[39.3323849, -81.5945176]",[]
54745e3e-2000-4b18-a353-a86cf0669f8d,"[44.304197, -73.417949]","[""shopping_mall""]"
682dde56-0035-4372-a004-e56e9f553d0c,"[26.8606199, -68.0079185]","[""convenience store""]"
9aa10e79-8432-4452-9a05-585603638812,"[41.5370855, -76.1669596]","[""convenience store""]"
f25f4bd7-a80c-4df8-9044-71f64497b5ce,"[44.4997736, -93.7491729]","[""convenience store""]"
c757bcfb-2207-4aa6-98ef-a00530367d68,"[25.2512665, -84.3807244]","[""restaurant""]"
5a2b02ce-66d3-4e35-9f63-820d8351a8ad,"[47.1385649, -90.0284753]",[]
1e1f9909-2c61-4794-95d5-e420e82f6dca,"[29.7125521, -111.6746289]","[""convenience store""]"
b9e6e89b-eaee-4ff2-85a6-8cb2f3232051,"[41.8948025, -114.0649111]","[""grocery_store"",""flower_store""]"
4376fd18-7616-41b8-b52b-e66d30c7d651,"[42.2286331, -92.345192]","[""convenience store""]"
ffcb20b0-979c-4308-8487-8e1024cf268e,"[48.0723096, -100.7802895]","[""restaurant""]"
a67ebfbf-0e08-4cae-8fdd-88ed54be221b,"[38.6011073, -80.687091]","[""grocery_store"",""flower_store""]"
317510fe-a127-485e-9577-8b93e5c908f0,"[37.1222846, -89.8493817]","[""grocery_store"",""flower_store""]"
b6b68421-8bac-4107-989b-a2648305e4d1,"[28.3875869, -93.6326363]","[""restaurant""]"
9c75359b-c42d-42e8-8913-9c0533b930fa,"[47.0839711, -102.3006571]","[""grocery_store"",""flower_store""]"
99f59964-30b0-4710-883c-69e85014247a,"[37.3956407, -105.9094204]","[""grocery_store"",""flower_store""]"
4ae2e82a-df3b-4e46-8a1a-003c53ac7d23,"[33.7324208, -80.5870444]","[""grocery_store"",""flower_store""]"
05755ea5-6398-4dec-b1b5-f67f57d96235,"[43.1699533, -72.0343047]",[]
4cabf3dc-dfd1-485a-b34e-e00b069eebb6,"[41.7710154, -77.4782202]","[""shopping_mall""]"
9574e91a-0eb9-4b91-8a07-590f79965e53,"[33.9061039, -122.7512242]","[""grocery_store"",""flower_store""]"
bbcfaa02-93cb-4325-b51b-24cd976a7912,"[41.4010803, -79.80423]",[]
00ef0a75-0ec4-4bc6-be26-3e1a4d425ee0,"[46.8173835, -103.4349117]","[""shopping_mall""]"
480bb1f0-4722-407b-957a-753a0ee2f583,"[48.9574299, -105.0656246]","[""grocery_store"",""flower_store""]"
51ea35a6-f95c-4ee1-925c-1eb061d1a844,"[26.292376, -119.5443584]","[""grocery_store"",""flower_store""]"
e0f3d1c8-c710-48be-8c7b-742b57cc63e9,"[26.0659499, -69.2653766]","[""shopping_mall""]"
25337eef-d42c-47da-b6e6-16c17c0cd8dc,"[37.2735946, -117.0834389]","[""grocery_store"",""flower_store""]"
67999ce6-6fc2-4673-9a55-a81825351e22,"[38.3038882, -92.1024612]","[""shopping_mall""]"
a8ff626b-370a-46d1-a606-172f2da21b42,"[27.984554, -124.0109025]","[""restaurant""]"
b59c0cc7-cadd-461d-8ded-e97ac89f8381,"[44.152461, -123.9823394]","[""grocery_store"",""flower_store""]"
aa100bc8-ed63-48e0-a05a-d9c34be06173,"[32.2540082, -116.472966]",[]
269a83e3-89b6-4cbc-a676-153b0a135482,"[30.2285651, -94.6266897]","[""grocery_store"",""flower_store""]"
ac42d0f1-52da-4114-aff7-b305009f0d48,"[40.2513083, -71.7779169]","[""restaurant""]"
8d217f5b-c161-4da6-b76d-c2495609d219,"[38.0962789, -77.0847998]","[""grocery_store"",""flower_store""]"
f2df67ec-2f37-4a9c-8a36-be461b9faf46,"[47.1873279, -122.0918217]",[]
8d100878-2ac5-44e7-a131-d208a83995af,"[47.3590017, -107.7104366]","[""restaurant""]"
b3756582-c267-456e-85c2-3a59c78be720,"[28.3802973, -89.1211828]","[""restaurant""]"
b6dda5a2-426f-433b-b804-678cc52fb03e,"[39.1608045, -76.9137339]",[]
455b4b77-bd3f-4da0-a30a-42dd0c032fa0,"[33.2632296, -105.8631202]","[""grocery_store"",""flower_store""]"
0e248c4b-0bef-413b-bd59-9a0819019b28,"[26.5277508, -107.7679933]","[""restaurant""]"
6fa51784-e73f-401e-a586-8999c121f798,"[35.4759274, -84.0841494]","[""convenience store""]"
ec8f1abd-32a7-470b-a1ed-c1437a028dfe,"[32.7402257, -122.6015537]",[]
f4066feb-71d3-4bda-8041-cd4bc30cadc9,"[40.7006362, -85.6169242]","[""convenience store""]"
3d921100-0835-48d0-b682-ceb7f6ab9666,"[47.5184378, -69.3566274]","[""restaurant""]"
df0b61ae-7831-4d30-acd2-239ed145d746,"[47.0323342, -98.4677648]","[""restaurant""]"
4a2dc0d3-0c0a-407f-b803-9011201fee4b,"[31.2256916, -68.1627734]","[""grocery_store"",""flower_store""]"
f7df9c04-deae-437c-a540-1340822ff12b,"[44.2875133, -105.3577245]","[""convenience store""]"
86af71ee-77f3-4963-9d46-0551e139f4fe,"[41.1979096, -114.9143547]","[""restaurant""]"
1e253596-c80b-42d3-9ac7-1b2d4fe56f57,"[30.1186103, -74.1723783]","[""grocery_store"",""flower_store""]"
1dfb7a66-1bb9-4420-86c2-28e809682cc9,"[38.8498898, -102.5784138]","[""convenience store""]"
35099c5a-6720-4892-882e-2af8902b87ed,"[31.4206236, -108.7105477]","[""restaurant""]"
7ad584a7-0b87-4288-af5c-52b590088902,"[25.0197536, -108.0003512]","[""restaurant""]"
a98cea13-03b5-4569-8275-2aa6169f27f9,"[25.3315992, -70.1795451]","[""restaurant""]"
32e80945-d4f3-4289-b8e3-b7aeb0747770,"[41.2264564, -101.9308842]","[""shopping_mall""]"
33ecd06d-5589-47ee-9625-c6cdae9774e9,"[26.9806801, -111.2554119]",[]
cf424efc-58fc-4137-8530-01d0c7be5316,"[26.4932478, -113.286278]","[""convenience store""]"
4879005b-3ebd-4df8-9c09-4750a2234f9a,"[27.7954355, -92.8134511]",[]
01a4288b-d645-4fa8-b5b8-a5881af16147,"[49.3156305, -84.1842593]","[""convenience store""]"
d07bfe01-ae7d-4602-a54a-15b396dc0a5a,"[32.2763655, -119.946384]","[""grocery_store"",""flower_store""]"
911212b5-ae1c-4b48-abcc-8cc9dcc5b2d7,"[36.9760828, -89.0184953]","[""restaurant""]"
56d67a45-82e5-4092-9095-6793612159a7,"[43.1880756, -78.8941503]",[]
cbb34095-d2ac-4043-a6c5-4cb067737b0f,"[38.8886384, -120.6268365]","[""shopping_mall""]"
0b857e0c-f77d-4103-8055-ed0ca5646ee6,"[27.0292883, -97.6750045]","[""shopping_mall""]"
385789e9-723b-4e16-bc7a-3f645475f224,"[26.1997813, -103.9465496]","[""convenience store""]"
951a9eef-13ff-40e2-991a-ed823b6c8f37,"[43.0816362, -99.175078]","[""shopping_mall""]"
7d09d976-5c92-46ac-b5f8-bce3ea76ccab,"[43.4833115, -112.2373217]","[""grocery_store"",""flower_store""]"
915e9ec8-4b10-428e-bf55-4d3413564525,"[27.4267051, -111.8987766]","[""convenience store""]"
f4a73e0a-c395-43f0-aeb3-6cd4f15eb302,"[27.797036, -111.5475398]","[""convenience store""]"
f1b6f5a6-f346-4cf3-bf00-f242a2d0a053,"[44.5220065, -81.3710826]",[]
f528909d-25f6-43a6-b5ff-3b1ba2849416,"[35.734917, -106.8486242]","[""shopping_mall""]"
7fa58013-87fd-4778-b42a-30a250be400f,"[27.2965208, -97.0153409]","[""grocery_store"",""flower_store""]"
87cc4644-c796-4cec-96f8-04bc7f306b7e,"[27.8957654, -83.2752027]","[""convenience store""]"
49df3a7e-804b-4ffa-8f08-b493f79696bc,"[30.5459874, -83.5663175]","[""shopping_mall""]"
4e33ca3f-1ca7-4783-9389-f7905e45f99b,"[32.9720861, -109.3177615]",[]
67c5bca2-2fbb-4a5c-9b68-66de6862cb8b,"[48.652768, -110.7788189]","[""convenience store""]"
ef8a2e3b-1ca5-4213-b109-fa412c610483,"[43.9862101, -94.0640017]","[""convenience store""]"
967d4874-8c80-4170-86eb-506cb9bdea6d,"[32.3858856, -102.3390091]","[""grocery_store"",""flower_store""]"
bec90200-843f-4137-a0c2-85cf0d4c1435,"[31.8090295, -89.4054098]","[""convenience store""]"
aeacfd2b-e9b7-43b1-b75d-132328e2d2d7,"[33.3040689, -71.4087993]",[]
f10b2281-0969-4d91-aeb1-30594fa02ca7,"[46.4382701, -75.9901956]","[""grocery_store"",""flower_store""]"
eab8bfa8-5ce3-4301-8d69-35da91f5d753,"[34.9120202, -87.7755753]","[""grocery_store"",""flower_store""]"
88d2ca67-0279-4376-9018-9ae909bc2767,"[37.8153329, -71.6804261]","[""restaurant""]"
2f443247-1192-4509-b777-0a9066fe30b3,"[40.3068152, -104.9804907]","[""restaurant""]"
f55d6bb9-80df-4a36-a7c2-5834a1c302b0,"[34.3992716, -85.9077808]","[""shopping_mall""]"
f9ddbd9d-d6ac-4893-8ec6-22af5fee6ae6,"[47.4833823, -67.1271176]","[""convenience store""]"
43acf265-0779-4e99-8976-eb56f77db454,"[31.6999042, -77.1927053]",[]
075923c0-7cca-4d87-9e21-e89de08c12a8,"[41.0844114, -123.3061705]","[""convenience store""]"
90197049-2a2e-4a62-93e6-e2e63b3346a9,"[25.6180589, -109.0374111]","[""grocery_store"",""flower_store""]"
bbd54a7f-7a36-46f4-a842-48473af80c3b,"[42.2562873, -77.4076461]","[""shopping_mall""]"
8fdbdb3f-59b2-463b-bbd4-d9885f99ecf6,"[32.4359043, -92.023972]","[""shopping_mall""]"
47e474e1-5dcd-4004-bca1-9267b254fa66,"[43.1249533, -70.9913124]","[""convenience store""]"
7776ada4-3a00-4528-ad93-8e039838c1e7,"[30.9377531, -87.5066067]","[""grocery_store"",""flower_store""]"
ab6f9697-120f-4c4c-9cb6-d508a86e2064,"[27.0447123, -91.5948687]","[""restaurant""]"
7eb629f2-68f3-4164-beeb-c7eb90a75dbf,"[44.2986062, -110.073229]","[""restaurant""]"
4a6f7b76-5a9e-4969-94a1-ce5d9005a0ee,"[35.8183365, -118.2650899]","[""convenience store""]"
41e96df4-74bb-499e-b46c-d6220a91a9ad,"[34.476787, -71.7628022]","[""restaurant""]"
9fd2ecc1-23df-4ca9-87f3-3944b791a3e5,"[43.6352956, -77.0637244]","[""restaurant""]"
1358f470-979c-4907-bb23-f11e3aea11ed,"[33.4195998, -110.0892806]","[""restaurant""]"
7369370c-76b5-4fe0-97e1-7348cc2d633c,"[48.6823394, -87.5986071]","[""convenience store""]"
c5796502-e335-4898-81af-e10fcaae6a98,"[29.0866676, -108.9886875]","[""grocery_store"",""flower_store""]"
e75d41df-e434-426b-9b15-abee88f8a7ba,"[48.4954573, -108.7310669]",[]
34a02343-7b17-4c31-b21d-1975f820ec50,"[47.8839864, -71.0704967]","[""convenience store""]"
54c28fbe-ef00-4abf-8e77-d10eb92e5576,"[42.4637946, -78.1758158]",[]
c4e18e2f-e8ab-4489-ba45-87079e31ae20,"[33.6800455, -114.269623]","[""restaurant""]"
44fb69e4-f09e-4b61-b698-74a0b013682e,"[27.843677, -92.6993837]","[""convenience store""]"
c7bd55eb-eefe-49e7-ae36-3e0effe60677,"[31.4986607, -91.7020042]","[""convenience store""]"
13030b12-5e9e-4f47-9e70-ec5dcbbf4262,"[42.524338, -77.4709916]","[""restaurant""]"
03e84c1f-40e4-4a5e-aa1a-03394728ca03,"[47.094946, -76.2361983]","[""shopping_mall""]"
42560be0-3333-44b9-917e-4a221e518038,"[43.8862436, -79.3001143]","[""grocery_store"",""flower_store""]"
1df2fa1b-e779-44dc-a907-102561da2168,"[33.6265768, -91.0317769]","[""grocery_store"",""flower_store""]"
ea2a1eb6-a71d-48a8-beb4-ca4242841d97,"[44.8707821, -77.2731927]","[""grocery_store"",""flower_store""]"
bc421c7a-78a3-439c-a646-a5451f8122fb,"[34.7575691, -86.0874542]","[""restaurant""]"
47601008-d303-4f4f-95d8-8e87bd2f16dd,"[46.6561509, -113.1820876]","[""restaurant""]"
ef1698dc-b1df-4365-b500-25d7324ed0fb,"[49.1041452, -114.555231]","[""shopping_mall""]"
584f79ac-42ca-4a6c-a8cf-421e0dc68d8a,"[40.2281021, -105.5547496]","[""grocery_store"",""flower_store""]"
27844daf-cc80-4ffd-b8a8-b74fa9072a0c,"[45.9955812, -89.0585752]","[""convenience store""]"
dbb35a5a-d599-42e1-b654-47ad6a63f003,"[27.9465851, -106.3879346]",[]
31554c17-89e4-41c7-8a9b-e917556452cc,"[32.030417, -100.0157513]","[""shopping_mall""]"
cbdf5b7f-098e-4f03-bb39-b5845bcb6be9,"[36.942804, -119.8651677]","[""restaurant""]"
f88014c1-10fd-4395-b732-bfa3382cc502,"[35.5662525, -97.2737772]","[""convenience store""]"
7ee04769-759a-454a-a30a-3452db9997a4,"[37.0683425, -78.3543895]","[""grocery_store"",""flower_store""]"
2a491065-5058-43f5-b178-b10632bf4241,"[41.9888327, -69.2932518]","[""restaurant""]"
c2efb2db-0eba-4e25-bf2d-b0dac47760a5,"[48.8847318, -89.4458673]","[""convenience store""]"
36fb8e88-8eb1-4c83-b1d3-2d5ef6b1b998,"[46.6741932, -73.9487179]",[]
db0f1b99-1318-44be-b7b2-9411949ce8eb,"[44.0926212, -73.5786389]",[]
a06ef162-4630-4267-a946-c93f17fbba41,"[42.4209702, -106.0757353]","[""shopping_mall""]"
d13cf9d0-f019-40cd-91d5-25c5efd686a7,"[44.7598372, -110.0638397]","[""restaurant""]"
253be06c-d1ff-4e4a-bffa-689a541aea9c,"[25.5293101, -85.8562862]","[""grocery_store"",""flower_store""]"
e00312e3-4bf5-4461-9a53-92ba22539256,"[27.0578082, -69.2338302]","[""grocery_store"",""flower_store""]"
5762de42-4f89-41f0-9b6f-6f01ce4fb514,"[47.3042713, -77.3797264]","[""convenience store""]"
efd64a7c-907d-4127-ab89-7218b067bd79,"[45.0342614, -110.5054379]","[""shopping_mall""]"
9d8e00a5-5052-4b19-865a-ad1440f932c0,"[36.7356264, -119.0994768]",[]
d38b21e8-9cda-4449-8d27-22e341348ba3,"[38.179298, -100.7007202]","[""grocery_store"",""flower_store""]"
f8462085-28e4-4a14-9938-6e92020ade9d,"[43.2324043, -70.1239887]","[""restaurant""]"
2f245443-1839-4ad8-b2ec-e0c8ef3155a0,"[49.1601438, -118.4970982]",[]
bbd54a7f-7a36-46f4-a842-48473af80c3b,"[43.618828, -66.9776003]","[""restaurant""]"
53fb4aec-7c88-49f6-9c70-b7cd8e4c37ee,"[41.7703567, -103.2724132]","[""convenience store""]"
b1776a21-6d45-4d28-8a4e-d4feb8a17faf,"[31.7363373, -120.0047949]","[""restaurant""]"
1f3c61e6-626b-4f0d-9e8b-d249e85329c7,"[31.844366, -72.3240669]","[""shopping_mall""]"
451c3189-5845-4a05-ae4b-07b47c4a1821,"[32.1431077, -99.5042602]","[""shopping_mall""]"
c2fcb90f-fa01-4a36-9ff4-b73f8914ccf0,"[34.4284597, -72.9751701]","[""shopping_mall""]"
7e2abe5d-2cfb-484b-9819-ad19c17354bc,"[38.697469, -79.7386765]","[""shopping_mall""]"
90324f19-7d0d-4e06-b059-b641ce047abf,"[28.0567366, -115.9990224]","[""convenience store""]"
58ccfcfd-0e92-4d82-a21a-ae16d26e9f86,"[45.2474605, -106.8693762]",[]
a35b0edb-18c2-4bc9-80f7-037d8fe1a43f,"[38.1720177, -93.0999418]",[]
62780954-5745-4241-814e-e13e9ff62f31,"[31.801818, -88.5560176]","[""convenience store""]"
5fd53c95-ad19-486c-ba49-b30be5d5ca72,"[27.0928409, -83.171984]","[""grocery_store"",""flower_store""]"
c2d35e1e-1c58-42a9-a557-0f652d5c7c05,"[28.3506306, -90.7052507]","[""grocery_store"",""flower_store""]"
0b9de5d3-92c9-4dbb-93dd-6f4cbf1e9a8b,"[43.1159926, -80.842196]",[]
1eec0f05-e423-4974-ab70-d79868280ae9,"[28.3996021, -72.1233461]",[]
4e33ca3f-1ca7-4783-9389-f7905e45f99b,"[27.2505236, -86.4888383]","[""convenience store""]"
96c171a0-a173-408a-b878-4dafb9ac0ab3,"[30.3787615, -75.9122598]","[""shopping_mall""]"
a5a25973-b3e3-4665-a985-7edb7d16d130,"[44.6863596, -115.6311831]","[""restaurant""]"
b09ce8a5-05d8-43a5-a69f-de0434e49072,"[27.939882, -104.4929766]",[]
62d911f4-67bb-4daa-964a-172c56417192,"[49.0676487, -72.3261125]","[""restaurant""]"
420d96b2-1d19-4dd3-8b09-5a43c8aeb3c7,"[48.2511442, -86.5215137]","[""restaurant""]"
8220f03b-87a1-4673-90c3-aa60ca4ce877,"[28.7510026, -69.5600136]","[""restaurant""]"
ea2de955-6f13-4ed4-b75d-a6e333c96212,"[25.994228, -123.1041348]","[""restaurant""]"
ed700c87-7096-46fa-8b32-ead6e05303b7,"[42.9527761, -120.2375231]","[""restaurant""]"
61548812-8a38-461c-8a1f-ce8194922196,"[47.2742736, -115.3920749]","[""restaurant""]"
14ca09ca-4e90-4d27-a5d3-864748ad9f6c,"[35.2543358, -83.7147932]","[""convenience store""]"
f26b18e0-a0c9-4fd2-84ec-a9c4d06a951e,"[36.6366408, -80.111544]","[""shopping_mall""]"
7ec16a68-67c0-48e9-96b3-fb1f17ec1aba,"[40.795499, -67.9151989]",[]
59e82b9f-50fb-41f1-a18c-5f3e22c561b6,"[32.617408, -116.3076081]","[""shopping_mall""]"
928dc79a-eca0-4a0a-856f-1e6cd5376633,"[29.1770387, -67.6816083]","[""convenience store""]"
3a4a6ce7-94a8-4f98-9591-1521d61c67ae,"[39.4513819, -115.8060862]","[""shopping_mall""]"
18f34501-bb6a-49a8-a00a-94ba72d0a964,"[28.2137657, -71.4147739]","[""convenience store""]"
c7e9d51d-477f-419c-9545-acd0eb2fc08e,"[47.5151387, -76.0169009]","[""convenience store""]"
17fa10a6-c7d3-4a23-a083-41fdc7e44efa,"[35.426276, -124.0178537]","[""shopping_mall""]"
f4f2d89e-1391-4b11-a8b3-00b9ed23d2b5,"[48.2990685, -109.7824411]",[]
49548eff-e29a-429f-9b38-7ff6049a88df,"[26.6285855, -68.0899289]","[""restaurant""]"
ce985fa9-1eea-44e4-a769-5c85e5fc89ec,"[27.3466841, -103.2413972]","[""shopping_mall""]"
a803daa3-5793-4952-9727-2f6f6a672f92,"[33.5093163, -78.5754384]","[""grocery_store"",""flower_store""]"
52c4751b-db88-427e-97ca-56dd1311d91c,"[48.1174665, -121.3776622]","[""convenience store""]"
893bf5d5-3c6d-4e04-b935-ed450c1850d9,"[41.563867, -86.0236972]",[]
fe320231-1b6d-4369-986a-c1f3e8ceb217,"[36.5371709, -97.8802794]","[""grocery_store"",""flower_store""]"
ec472360-a49b-4fe9-b00e-90ea2ce7c5fe,"[25.2968419, -84.2930903]","[""grocery_store"",""flower_store""]"
e6aa86c1-a7f1-4855-b3a4-57fe9e1d0188,"[36.719427, -72.1450573]","[""grocery_store"",""flower_store""]"
76bd7c9b-087a-46a0-bc7b-a3355cf8d8f7,"[37.3343173, -83.9630198]","[""grocery_store"",""flower_store""]"
70e8376f-0f5e-48f3-b9a1-6634b7b24790,"[46.7569017, -121.6267518]",[]
ab9c02cf-33e2-401b-8800-2b875998b434,"[27.1623353, -119.7514513]","[""convenience store""]"
1ef18dea-53ba-41d2-b7cc-2eedc2276942,"[43.6149559, -101.9567794]","[""grocery_store"",""flower_store""]"
f2ed57e6-c260-4d42-a527-565a8d56ef32,"[48.7417434, -111.3409076]","[""shopping_mall""]"
fa129e60-51e7-4fdd-8c98-5f61dcef8a20,"[30.1763646, -100.8475153]","[""shopping_mall""]"
e5968e6b-0ac1-4de4-918d-8212c95ba0ef,"[36.6707685, -94.2337787]","[""convenience store""]"
16af6233-2bc3-49ac-884b-04c6f56449ba,"[27.2204106, -77.9441188]",[]
ec472360-a49b-4fe9-b00e-90ea2ce7c5fe,"[34.3614381, -71.735554]","[""convenience store""]"
5d336b58-9cfa-4fae-b130-6bac96717121,"[29.5331736, -97.2418378]","[""shopping_mall""]"
b2c8eb18-7567-430d-9cc4-ae179b97d4d6,"[25.9521734, -116.5877293]","[""convenience store""]"
cccd5352-52f6-4dfe-a46a-79af1b826f4d,"[31.5817099, -91.8787411]","[""grocery_store"",""flower_store""]"
8c06479f-933e-45e0-a738-dee535fa52c7,"[42.7168804, -91.2960293]",[]
80102709-bd30-43cc-94d1-7cfd2ae25127,"[42.293085, -120.9363552]","[""grocery_store"",""flower_store""]"
4a6f11de-e8c4-4a70-b14f-7071c646263e,"[38.2993424, -90.3654597]",[]
b812b022-0984-4b3f-9b2e-afe5af566290,"[49.1745168, -87.3484982]","[""convenience store""]"
8476919e-814a-44c0-973f-0426733a3586,"[29.366302, -113.8451698]","[""convenience store""]"
571e2cd4-68a6-48b1-9bed-7fc6189630ec,"[30.9348587, -108.0929109]","[""convenience store""]"
24a56c5d-f55a-4655-b1e0-b3cbf38e889b,"[28.9187342, -67.8996351]",[]
538aa4df-5297-4d0f-9d2d-b884f6995535,"[25.0392173, -119.9889592]","[""shopping_mall""]"
e95dc2c0-66ac-4681-b392-323918535e6d,"[25.5499062, -114.2146568]","[""shopping_mall""]"
56338747-246e-431f-ad8f-dfae95a0a87f,"[39.3499022, -103.0940985]","[""grocery_store"",""flower_store""]"
c573f72e-31a0-407e-b0e7-ad917b783ce2,"[28.5608718, -111.166921]","[""shopping_mall""]"
aa47d400-8b7c-49d2-aca9-dea820233a67,"[46.7820952, -88.283173]","[""convenience store""]"
3f0d919e-2531-40c2-84d8-db0193ec7224,"[40.0615404, -91.7399457]",[]
1e15055f-b496-452a-9994-d84a260b3c51,"[47.2460387, -91.9052354]","[""shopping_mall""]"
f37e331c-a6c5-43bf-82d4-aa7c06398d99,"[42.6456671, -73.0054421]","[""restaurant""]"
9e0fab21-efe2-421e-9119-158c4d1627ea,"[31.9688337, -86.5968616]",[]
8b0fbb8a-dd0a-4582-b075-9669799f5455,"[28.6048517, -118.5042866]","[""shopping_mall""]"
8cdfb6f7-1537-4c82-ad71-983154c261ad,"[39.2001972, -74.0494518]",[]
01d65d6a-8cc8-4818-afac-396a83b86758,"[25.3204667, -118.4452812]",[]
164a9aca-b24f-4c27-a435-a8d60d50478c,"[42.7794513, -89.7322105]","[""shopping_mall""]"
d9d79f88-fe10-48f3-8dd4-5dfbb48e1f40,"[39.1381907, -67.2917121]","[""restaurant""]"
7dd9f23c-fc65-4267-be67-a8d278ec4cc6,"[32.9708236, -90.055775]","[""shopping_mall""]"
c7ba520e-e616-42d0-8227-7313f9883985,"[36.2959477, -115.4098466]","[""grocery_store"",""flower_store""]"
48f88e22-5812-4aba-b650-fc336465fcef,"[44.2985257, -93.630713]","[""grocery_store"",""flower_store""]"
1f3c61e6-626b-4f0d-9e8b-d249e85329c7,"[29.0873407, -108.5952797]",[]
7bc869ad-2469-41f0-aa77-6190c3010295,"[37.8339852, -80.5244896]","[""restaurant""]"
8f10bb9d-845c-4bac-b350-937f466643f3,"[35.3401097, -123.874016]","[""convenience store""]"
d791a8ad-b685-49e9-9e96-defd8c192e8d,"[37.244619, -90.3739156]","[""grocery_store"",""flower_store""]"
c403e3f0-6b6d-4384-8019-91b43de724b0,"[37.3525581, -123.0913624]",[]
082958a6-ca70-419c-a7b0-a97eeacd7b30,"[31.4121741, -104.279059]","[""restaurant""]"
16a9d636-efbe-4d28-a57d-06481acdc2a7,"[45.8586085, -71.2452819]","[""grocery_store"",""flower_store""]"
dfc1eb80-4408-4daa-aca5-028e19f8538b,"[40.883113, -114.3650073]",[]
aaabff7f-1371-4ebf-9ee2-659bdb5f1f9f,"[39.5944257, -94.9882815]",[]
0c59ccf1-f70d-4d16-81e9-6bca0cbe901f,"[25.2490198, -94.7863975]","[""shopping_mall""]"
8fac5def-12e8-418a-b1a0-18ce46cbdb33,"[36.0742513, -113.1278055]",[]
5f93bef4-a87a-472c-b844-2af9691b0b27,"[28.4861029, -69.8599813]","[""convenience store""]"
7a37f6ba-6387-4b1e-860d-6700253ceacc,"[44.6010392, -104.193354]","[""restaurant""]"
8ca2718d-e0c4-4886-b295-c1c76336b588,"[33.7481227, -86.3350258]","[""shopping_mall""]"
1e1f9909-2c61-4794-95d5-e420e82f6dca,"[33.881421, -122.7131692]","[""grocery_store"",""flower_store""]"
4d32a309-e6fd-415f-8cc3-b37ced928324,"[33.7661363, -87.8302259]","[""grocery_store"",""flower_store""]"
4d05c507-85ea-4c3d-80ef-2e80b17ac219,"[41.5995224, -121.0995453]","[""restaurant""]"
94503921-ea0f-4c0e-938b-a52171f9dee3,"[44.867785, -116.6747622]","[""restaurant""]"
49df3a7e-804b-4ffa-8f08-b493f79696bc,"[29.9269823, -93.5289413]","[""shopping_mall""]"
b8a05bf5-9c55-43e0-a4b2-291187c796c4,"[46.148804, -110.4925287]","[""restaurant""]"
42f949a2-092e-4f41-8c95-ecefca45efdf,"[44.7243713, -82.7956036]","[""shopping_mall""]"
ddb2524e-538c-4c95-a607-4215a6677b2f,"[33.5387385, -107.6111866]","[""convenience store""]"
92a94b5a-4827-40c3-ac3f-fcf734a48e4b,"[27.7538257, -80.1094681]","[""grocery_store"",""flower_store""]"
5511d5bb-9783-4c16-ad78-aa22cf2a310b,"[28.1230104, -99.1124989]","[""shopping_mall""]"
164e5df7-eb1b-41ed-a865-1f69fede3dc7,"[38.7232331, -72.5475856]","[""shopping_mall""]"
b937631b-21bc-4158-914d-444766c978db,"[48.2605764, -111.8139573]",[]
51258a2f-4dbb-4b8c-bdfc-2249c3deba7a,"[35.6865436, -89.7292294]","[""shopping_mall""]"
8b0ce703-fb6c-4f51-8da7-a5d323cc5ca8,"[29.9829952, -76.2094975]",[]
bedee714-e67f-4f86-918c-8beb59766905,"[38.7762539, -99.3466314]","[""shopping_mall""]"
84d24bc1-8bb0-4941-b9a3-c804e61b2fb2,"[31.3171, -106.3229903]",[]
212a8065-bea5-4522-bf2f-1b4a5f7fa8cf,"[44.3742392, -67.3504226]","[""grocery_store"",""flower_store""]"
40e6d65d-3d00-4f58-b331-f6e4e0e76c27,"[44.5142564, -100.1344309]","[""shopping_mall""]"
f535ded7-3e21-4a1e-98dd-f05e044f4046,"[34.0134733, -87.170775]",[]
baf03c68-0dd7-49c5-843e-2a3fae4ede18,"[25.7846973, -119.3607876]","[""restaurant""]"
22bde7ea-c93f-4d6c-b485-3fdb74b160be,"[26.7950368, -79.9603196]","[""grocery_store"",""flower_store""]"
01d0a035-5235-43e2-b120-2ed2c317dfa5,"[45.331893, -96.1540238]","[""grocery_store"",""flower_store""]"
5370f8bd-1835-4f14-8605-254947be2118,"[46.9299981, -95.916911]","[""shopping_mall""]"
fbcf42ff-d881-40e1-aeef-379f37132935,"[37.1628335, -92.4328825]","[""shopping_mall""]"
35af46ab-7f9a-43d9-bc88-56bc8a8ddead,"[34.9196036, -71.5297994]",[]
7ae76e70-60bc-4fa3-b5d9-ff211a09d274,"[35.8895546, -97.8201348]","[""shopping_mall""]"
b4476e37-51c8-4cf8-9e01-4f7ff34f9578,"[40.546252, -75.0816492]","[""convenience store""]"
db6fa181-28cd-40b8-8a27-26b507c50267,"[44.2686062, -105.3981848]","[""restaurant""]"
d8ca9dcc-de29-4239-bcba-49aade0ffebc,"[37.8275695, -68.6923906]","[""restaurant""]"
25aa94c3-48e7-46ba-9370-f87e10456191,"[36.3780266, -69.5877082]","[""restaurant""]"
7cf182a0-2792-4628-9ec2-17590dcc9050,"[44.1416757, -68.5456974]","[""grocery_store"",""flower_store""]"
91364ebd-9415-4143-822e-2424f9ebb205,"[35.6646511, -123.8720967]","[""convenience store""]"
0ec045de-aab1-46e0-8c69-a3995404af5a,"[44.5331422, -117.3314041]","[""grocery_store"",""flower_store""]"
c6e9def9-12a8-4cc1-b655-8727bf4d12f2,"[41.9684423, -95.3008057]","[""convenience store""]"
d659a7de-6026-49cc-aa0c-89cc824c1a91,"[46.2248936, -98.4606304]","[""grocery_store"",""flower_store""]"
8dff0345-af16-4ec1-b852-030674ae3de9,"[37.8323015, -110.4565851]","[""convenience store""]"
8b102dd4-83f1-48ab-94f1-debf2dcd66e1,"[39.6174187, -90.0559949]","[""restaurant""]"
d7617c36-ccca-467b-8335-4d89ed6ce97b,"[33.5248256, -92.8309207]","[""restaurant""]"
d83f1a5e-2b02-4601-bea0-9ab7e65d44db,"[47.3194532, -112.9584321]","[""grocery_store"",""flower_store""]"
41a1bf30-42d3-4db5-9187-4041be3ff0eb,"[35.8125763, -80.0925234]",[]
73e4af8b-3eb4-4f91-b5da-745db58e0b92,"[47.4767564, -93.0747902]","[""convenience store""]"
8a582b99-97fb-4ed8-bd7e-61523d3b7ced,"[47.7881608, -87.5259492]","[""shopping_mall""]"
6a98da5a-7923-4b8d-89b3-01383b9122b7,"[43.7988027, -109.1264385]","[""restaurant""]"
ddcb3cc2-54ca-4796-a225-bd58ea8eeeea,"[35.4340562, -123.2665821]",[]
4b51bffc-22ea-43ac-a7f2-82ce08145f56,"[44.7793672, -93.8924716]","[""restaurant""]"
0d7309ee-b2ff-45e3-b38c-b1d46fbaae90,"[39.4223285, -67.9093661]","[""grocery_store"",""flower_store""]"
104315e6-54b2-4c78-a627-f781f06c4888,"[43.1712255, -85.659131]","[""convenience store""]"
a803daa3-5793-4952-9727-2f6f6a672f92,"[44.602949, -99.0025177]","[""restaurant""]"
cbac6d52-f01a-475c-8d14-844d726e1299,"[35.2559669, -94.9350822]","[""grocery_store"",""flower_store""]"
890fcd68-1d56-4f8a-9d1d-fcfe3be33100,"[44.7733416, -120.7038019]","[""shopping_mall""]"
c2ea4337-8809-46e8-8947-e10839602c70,"[35.1125466, -80.721134]","[""grocery_store"",""flower_store""]"
c0bb9dfc-fb97-45aa-9eb7-f15c9414cb2f,"[30.3296051, -113.2571306]","[""restaurant""]"
7140ae39-31a0-47f5-8051-28d3486e4721,"[43.775269, -98.4795441]",[]
af1ebd43-786f-4a1e-b7d4-cc05e91bd1a0,"[46.2705858, -83.311354]",[]
2cd21ae6-0735-4b30-8785-b14cdf7bda6b,"[44.8743734, -84.4078828]",[]
ce265ff6-6eda-4ad8-bf84-3c3927cce95c,"[48.308893, -69.1918415]","[""restaurant""]"
d7a67729-5aac-438d-8480-9137334a5df1,"[42.6960621, -116.4905893]","[""convenience store""]"
f8f69878-bae1-40a0-90da-01e462fa23e8,"[41.7609714, -72.0405347]","[""shopping_mall""]"
69b495ff-cd0e-4a66-b2a6-4f329d0d361a,"[30.9750482, -119.5632853]","[""shopping_mall""]"
164e5df7-eb1b-41ed-a865-1f69fede3dc7,"[41.7647807, -70.5017695]","[""convenience store""]"
21dc8b0d-15e0-4191-861a-ec73befc954c,"[38.6110944, -113.9799489]","[""grocery_store"",""flower_store""]"
23e7edc8-5a26-4b8f-b3b1-b08a8ae1ab23,"[39.4967434, -102.7484575]","[""restaurant""]"
eb85acab-ad1b-446a-83ee-dd3baf9716f2,"[43.3929846, -115.7992095]",[]
97684135-9638-46eb-bf9e-48c096f961ff,"[38.9866329, -120.5642174]","[""restaurant""]"
a4556fdd-7c4b-4cde-b665-d0cfae1520e5,"[47.5122811, -93.2913189]","[""convenience store""]"
b7c60242-37d0-4aa2-ad0b-5a08365010ed,"[35.3470763, -103.1372443]","[""grocery_store"",""flower_store""]"
48785bf3-078a-4404-9ed7-982435a83d0f,"[25.4813693, -100.0744285]","[""convenience store""]"
dfb1e74c-375a-4396-8ef8-2d849784f463,"[41.6530229, -112.4521789]","[""convenience store""]"
1ede5ed0-dc1b-46e8-96e2-500fe9ecd2ce,"[26.3468182, -86.8061538]","[""restaurant""]"
2742d484-5c50-4648-ae17-58024226793e,"[40.3061326, -117.1405468]","[""shopping_mall""]"
4b097c0f-db21-4406-af3d-e409d7ff51f2,"[31.4621992, -96.8827819]","[""restaurant""]"
d81fe4ab-29bd-4967-a09a-0b42079b72c2,"[45.5278807, -89.4890431]","[""convenience store""]"
07b3e394-cec0-4c04-9a46-9754db6b62e4,"[33.9682844, -85.9237284]","[""restaurant""]"
b9e91766-dfe0-4a5a-9042-e20bcd51eb4c,"[36.9789955, -95.0978865]","[""grocery_store"",""flower_store""]"
6542e4df-81fc-4ff1-b7c3-62409c6dd370,"[44.4790021, -71.7741745]",[]
7cf3b7ce-6a9a-4ec0-ae76-ff1d78b0292e,"[43.996669, -77.6812738]","[""shopping_mall""]"
735ee90b-28f7-4967-91c7-8976b9ea6a10,"[30.4701677, -75.6130618]","[""convenience store""]"
b592ff80-24eb-4cbc-a6fc-3478180a1444,"[47.2942501, -97.4249123]","[""convenience store""]"
5cab8c64-cbdb-4011-9303-39f5849fd885,"[40.7515306, -73.0813888]","[""grocery_store"",""flower_store""]"
4d1c25dd-9512-4fd6-b8cb-651e36d22fd6,"[38.8816715, -105.5785479]","[""grocery_store"",""flower_store""]"
073a00a6-2f5f-4199-8c4d-cb38bf322ce1,"[35.8999127, -110.9190989]",[]
9bd57ef1-3a50-4106-bfe3-f44bd0ff5855,"[44.8357605, -79.1900903]","[""convenience store""]"
d875bdca-4ac9-4599-82f5-bfa0aaa5d2bf,"[41.7584355, -99.7019983]","[""shopping_mall""]"
7e4a09ab-feb7-4718-aa4e-c5d96b6639da,"[43.9843838, -71.2112098]","[""shopping_mall""]"
07709c37-f2c5-44bc-86d0-2ffd97e19a81,"[44.7449867, -72.2579425]","[""convenience store""]"
48699915-88be-4b3b-be35-dfc77d7547ff,"[35.3728077, -118.3198852]","[""grocery_store"",""flower_store""]"
99335497-cc74-4c42-bbf9-a9766d930c45,"[48.8192425, -114.2018987]","[""convenience store""]"
1cb2c161-1c50-4127-93ec-f5f502c4b066,"[30.3250947, -103.352535]","[""convenience store""]"
e91be4cf-c756-494a-92ea-4ed23489b11f,"[30.8123302, -104.8309276]",[]
c02a8071-4970-4780-abb7-b0b748b92bc8,"[46.8324328, -96.3693304]","[""convenience store""]"
3039e14c-8bec-4fd9-82ae-e9df37ac56ad,"[30.4416179, -71.1903905]","[""shopping_mall""]"
851be9e0-233b-474e-922c-7c1417a7f1ab,"[46.8470442, -121.2159298]","[""convenience store""]"
a024c75a-28f4-4afe-83e2-15cc44a007d8,"[44.7647515, -98.3575535]","[""restaurant""]"
d4d9efbc-ec4e-471f-91b1-c024280c0cca,"[48.0251631, -89.3681531]","[""convenience store""]"
d43d8433-3354-48f8-a69b-e42d6be72d3c,"[38.3520294, -105.9794083]","[""convenience store""]"
54a239b4-80f8-4dad-94ee-d8209fc1724a,"[38.7578263, -84.1219829]","[""grocery_store"",""flower_store""]"
a6946f3a-bc82-4448-be5e-b80fbe0e4e9b,"[42.1292743, -110.1544786]","[""grocery_store"",""flower_store""]"
932f2da6-489e-4817-a8fe-d5e1de7af4d6,"[28.4132758, -124.7439398]","[""shopping_mall""]"
9836c6c1-3c38-46c0-a1bd-b272eb948b27,"[43.9814574, -74.739694]","[""shopping_mall""]"
0545db30-2e73-4a04-9a1f-5a5ea65c773e,"[39.6864579, -100.2248585]","[""grocery_store"",""flower_store""]"
114c9004-a363-4d7f-aa67-f4c693c42676,"[27.5101746, -75.3554747]",[]
8222d152-d744-4b3c-be83-17a55abeebb1,"[47.8887499, -67.0215764]","[""convenience store""]"
a4635e8f-6710-4e20-938c-2c01aa3ffedd,"[33.6631647, -88.222955]","[""shopping_mall""]"
7a03ba28-4ba1-4af2-947f-e6c676a13447,"[31.9013338, -68.1640329]",[]
848d97e6-05ad-41e3-ac3e-2d5accf497ae,"[25.7550191, -68.4881959]","[""grocery_store"",""flower_store""]"
5a67a158-f475-4b9a-8d5d-912ee2d3fd6d,"[29.9628157, -118.9215094]","[""restaurant""]"
2b82b531-789a-45d8-9a70-1c8b25524264,"[36.1976948, -115.3129915]","[""restaurant""]"
a915b641-c6ed-459f-9d15-e8aa6cf71147,"[39.1959324, -98.7250008]","[""restaurant""]"
a67c6a5b-539e-48ab-84c5-b72fa2b58d72,"[33.3966006, -94.8138022]","[""restaurant""]"
102e8446-0b15-4b48-82b5-fd46373c7480,"[41.4469821, -80.6496678]","[""grocery_store"",""flower_store""]"
55e26a7c-c574-4646-af85-59a62d27ec18,"[39.7251045, -113.7567454]","[""convenience store""]"
1140a673-52ab-4aeb-beea-6279bb08700c,"[40.1623959, -86.4812023]","[""grocery_store"",""flower_store""]"
e7359c50-769e-416d-b58e-3e05cf519bba,"[32.4722557, -91.9636161]","[""grocery_store"",""flower_store""]"
6cd43019-414a-4f55-a444-022eb2c5e83b,"[28.4574249, -118.5175327]","[""grocery_store"",""flower_store""]"
5311c6a8-217c-4c8b-8d89-2c00b3560994,"[26.6656877, -90.1361292]","[""convenience store""]"
0ebf26bf-2f13-43ec-bff5-67f88b2af168,"[32.5014032, -100.8640892]","[""convenience store""]"
eb772647-c80e-410d-a914-be3a25b0172f,"[37.828913, -115.288821]","[""convenience store""]"
5d474ddb-b792-4146-a216-62e41b322ad0,"[29.666829, -102.7117189]","[""convenience store""]"
a1cc42cc-243b-46ed-9295-3cea4e9daaf5,"[39.7720041, -80.8594983]","[""grocery_store"",""flower_store""]"
ac73ddc0-eba8-479f-a77a-408655be99b7,"[31.6132544, -102.9258873]","[""convenience store""]"
6fa51784-e73f-401e-a586-8999c121f798,"[35.3917603, -103.0738885]","[""shopping_mall""]"
311e61fb-4b18-4d7a-b532-1a53a693b81b,"[36.2466254, -109.2535424]","[""grocery_store"",""flower_store""]"
06905c7f-952c-4102-8877-d9c79f1d9d16,"[48.6230214, -116.9087307]","[""convenience store""]"
71c928f3-1b74-43f8-935a-d5ea0a142a24,"[32.3521653, -86.8570837]",[]
3e173684-377b-4dec-980b-4043b799ff17,"[45.9352848, -78.2206855]","[""grocery_store"",""flower_store""]"
ad6b26f8-9476-4600-9ca3-df5caadc4b2e,"[31.7032553, -85.475135]","[""grocery_store"",""flower_store""]"
bce86ecc-ae94-40c3-9d68-17413c57b0d6,"[31.7575958, -87.4175663]","[""restaurant""]"
f09ad68e-fa19-446a-a086-c30986576041,"[29.4065896, -74.7038936]",[]
a2aa6835-c645-465b-a0eb-0eac225ed45c,"[36.5475077, -77.3705184]","[""grocery_store"",""flower_store""]"
d3e156b1-01e9-4928-b07d-4f47edb1bbfd,"[36.4502664, -90.3432756]","[""restaurant""]"
4a3437ca-87b7-4a2a-93a1-1f7548b826a5,"[36.9842537, -79.6466266]","[""restaurant""]"
b81f9264-e992-42f5-ba87-6a501231e8fb,"[34.4078315, -106.2292364]","[""convenience store""]"
70263fff-63ba-44a5-b3f8-cd9e0df170cc,"[42.2829194, -117.958417]","[""restaurant""]"
3d390a92-dd9f-4894-be7f-3b691bcdb905,"[48.7079329, -89.7050873]",[]
c2b12f70-23f0-4067-b20a-20cee7341067,"[33.7331796, -83.354089]",[]
bbd36d88-caa4-4ebe-85f7-152638581c84,"[25.993863, -89.4365314]",[]
f55b5974-70df-4493-b602-93e24f16239b,"[25.5186163, -86.899907]",[]
557326b8-16b5-44f9-bca9-0fdd0e4ae382,"[45.3978748, -81.1792]","[""convenience store""]"
7a7215ce-e7e1-4f30-b5e2-4c31f5ac24cf,"[35.643759, -119.8900235]","[""convenience store""]"
37b22278-4292-4dcd-ab66-f403f5d69694,"[32.396557, -108.5185265]","[""shopping_mall""]"
d9ee530d-aa91-4506-8f52-699bb65d4964,"[40.7726826, -81.4379182]",[]
ea5190de-0028-4722-991e-89a4d0d3e901,"[39.8176441, -96.8355243]","[""convenience store""]"
8161287c-a5dd-4e2f-8165-6b77d597da2d,"[42.9236793, -75.1147674]","[""grocery_store"",""flower_store""]"
868cefe4-4ef1-47f0-be27-1a67cd1baba0,"[30.4439022, -109.2675439]",[]
080e748a-74f1-467f-82a4-0e56f4712524,"[46.3596564, -99.1998077]",[]
bd00ee6f-23f6-4c4e-be8a-84cffccfb968,"[30.6824195, -110.8814635]","[""restaurant""]"
2a23498b-a999-4303-b470-999430e933ce,"[34.2566369, -69.4145697]",[]
45faf02d-a729-41e0-8e45-bcdbe3565df2,"[31.5207992, -122.2593138]","[""restaurant""]"
4b346d66-cf32-4680-b1ef-2da59cba5973,"[37.724033, -115.5520093]","[""restaurant""]"
64f1def9-5ff0-40e7-acc8-8d539e23010f,"[27.8456544, -95.7354624]","[""convenience store""]"
6afc567a-6fcc-42d0-8557-a9b4b37d0bf9,"[43.6866787, -123.9852208]","[""restaurant""]"
fcf08b45-35ca-4917-a8c8-8054e25ea170,"[38.0788791, -117.3687362]",[]
5ffde959-548c-45b3-9971-db74a6f815bd,"[36.6056303, -82.6961222]","[""restaurant""]"
27d3e9e2-1d1a-4e9c-936f-283dbeae02d4,"[49.1747657, -88.5195809]","[""restaurant""]"
9e5b3a82-30df-414b-9c5b-31cc76b475cb,"[40.1387772, -93.8514353]","[""grocery_store"",""flower_store""]"
42da9998-3179-414a-9063-ed8bf0d3840d,"[37.5839271, -97.5177518]","[""grocery_store"",""flower_store""]"
39e806ac-a85e-41d8-81d8-0297c3f02805,"[36.7929344, -81.1102766]","[""grocery_store"",""flower_store""]"
96b8738c-03cc-4a63-ab9b-ad4ac107cdd5,"[49.0388783, -67.8835404]","[""grocery_store"",""flower_store""]"
5a25b6ee-de37-4122-b356-3f0f8c71aed3,"[43.575439, -93.4378582]","[""restaurant""]"
93b90e5e-12e9-45b2-b88e-a38c717bd577,"[48.4752466, -100.3183316]","[""restaurant""]"
e17240f0-dbb0-4ad5-b8dd-2f43e0b667ad,"[27.0776688, -93.0139352]","[""restaurant""]"
7384a22a-1d88-4a67-9f02-1d0265bac108,"[36.457755, -98.7044312]","[""convenience store""]"
d8ef9737-cce8-475c-86c6-faa282f1467c,"[26.9211867, -83.2580904]","[""convenience store""]"
0024de0b-8ba8-4b30-884b-cbb0b9af5db2,"[41.5929272, -103.9048961]","[""restaurant""]"
32dbfb26-ff06-44ed-83a7-81e8402b9bc4,"[43.1767134, -70.3440462]","[""shopping_mall""]"
03f6560d-74ea-4a88-9275-1ec133b71f3f,"[42.8970575, -71.3214365]","[""shopping_mall""]"
d9f7f1c8-a40f-4eac-b467-1c775c53efe9,"[31.1651396, -96.0426688]","[""restaurant""]"
df62baf6-7096-4583-ba98-c55cd5b2b132,"[41.4112109, -89.3573044]","[""grocery_store"",""flower_store""]"
24bdae01-1d94-4f20-afb4-c568b64773e8,"[34.1430168, -70.2178139]","[""restaurant""]"
9c5a1bd9-04e6-4bab-978e-179bd3c94d91,"[48.5509621, -123.1902564]","[""shopping_mall""]"
f8193193-21f5-432e-9a5b-1790bf64cdf9,"[27.6455132, -101.6604897]",[]
bb1bea58-e99a-4ce5-9ab9-327f001409ee,"[34.0535536, -104.4758569]","[""convenience store""]"
93b90e5e-12e9-45b2-b88e-a38c717bd577,"[28.5823695, -92.7745975]",[]
796bac81-bf09-4297-9ab9-a575c7aa7700,"[32.2955878, -116.7610425]",[]
9c75359b-c42d-42e8-8913-9c0533b930fa,"[48.5440289, -110.4425738]","[""grocery_store"",""flower_store""]"
d6be28be-9443-444d-897f-f759055e2b56,"[40.8192318, -107.1639207]",[]
79fe7708-7246-49cf-80e2-a3ec4adfcb60,"[43.5031663, -99.772479]",[]
1d626a35-c6dc-4809-8905-dee9fdf367e4,"[48.3921989, -85.4635123]","[""shopping_mall""]"
00f8b89f-d633-4d0c-b514-960829718942,"[24.9521954, -88.9269994]","[""shopping_mall""]"
93ff9482-0dd5-4e7b-989e-bd752379a038,"[48.0290815, -104.2100402]",[]
923c88c1-66e2-48c8-a66d-c442b8e8f56e,"[32.3674785, -69.4929704]","[""restaurant""]"
1dd9445e-d143-44a4-9528-7e333f2b2d4a,"[47.8853248, -81.8495597]",[]
bf039634-91a4-4ae1-ac1f-2ceadbea4369,"[36.5099818, -67.1329331]","[""convenience store""]"
d5f66978-c0e7-497c-a83c-6bc715d543a9,"[34.6350658, -87.6113938]",[]
e34f32a9-f02b-42dd-a922-54ea1a9d65cd,"[46.0053662, -70.5165685]","[""shopping_mall""]"
9b64e24e-ae9f-4585-b148-7dc39433a738,"[34.0808818, -117.2712768]","[""shopping_mall""]"
38bca816-bace-4c9d-8580-44db240de540,"[35.0202461, -99.8286419]","[""shopping_mall""]"
7b17953b-21fe-46db-a29d-5e654b33702f,"[28.3470548, -119.3259086]","[""convenience store""]"
4fa46d51-29bd-4dc6-96f1-ae1a886f5858,"[35.9217438, -69.7796721]","[""restaurant""]"
25213f97-0aff-4537-9482-fac58412cb41,"[41.869872, -67.7411655]","[""grocery_store"",""flower_store""]"
0de5215d-dd0b-4606-9c23-26d9336717a0,"[37.4430674, -78.0368666]","[""grocery_store"",""flower_store""]"
ff1d4525-b01b-492b-9d1d-403e757d3822,"[25.05051, -95.3039763]","[""restaurant""]"
ee88b7b8-07c3-4e3a-93f3-9de348e04730,"[41.0957859, -116.1318613]","[""convenience store""]"
a7ca640d-5d31-42bd-8072-9af67394a052,"[46.2636443, -111.6057582]",[]
67a04e01-98a5-48c1-a179-5682853a9028,"[48.7586314, -67.3681482]",[]
59844bee-e83a-470a-bd69-6fdd7d6fb764,"[47.7313808, -85.5840287]",[]
907c5e39-e79b-4e59-b6f9-2ee8e960e0b2,"[33.056681, -72.7348145]","[""grocery_store"",""flower_store""]"
8c5d984d-f5e2-42e1-8059-25aea0f1a637,"[40.6757259, -115.8485416]",[]
51198f9f-05ef-4315-a151-d56e8e250a84,"[26.9319166, -71.8100749]","[""restaurant""]"
68faf2a1-456e-460c-b029-2773912ee357,"[44.9609361, -111.0413909]","[""restaurant""]"
6c26cfb1-7a85-469d-acc2-29016083b358,"[28.3325489, -76.6429111]","[""shopping_mall""]"
00efa778-7ded-43e4-a009-2d0dcbed1990,"[26.9116232, -97.153325]","[""convenience store""]"
08d011cb-59b4-4c78-9a7b-64cc1693286c,"[26.1369167, -94.3121223]",[]
1c7f62df-f9bd-47a3-9fe2-5bca9a2fb765,"[25.5870327, -88.7181127]","[""convenience store""]"
c74ac82a-f7f8-44a7-8372-d26f31d22802,"[39.0045326, -102.928433]","[""restaurant""]"
70a7bf22-fbe7-4a37-b3a0-dbe698df4a18,"[46.539513, -69.2425568]","[""convenience store""]"
89fdefce-5424-4685-ae31-eec58ef4ff7b,"[33.6866573, -98.9430972]","[""convenience store""]"
f93b2362-9906-40a5-9e9c-9a230657233d,"[26.9053936, -84.8979504]","[""convenience store""]"
c3297223-be54-47b6-baa5-b075d702206e,"[43.117176, -120.6537429]",[]
4a5628c6-404c-4b64-a181-b3c3175f9b7d,"[45.6165493, -106.2516508]","[""grocery_store"",""flower_store""]"
618d2a3d-a182-44fb-975e-20c398b31296,"[34.5144584, -101.8109487]",[]
9a54149a-67e7-452f-a62e-42f069fd5228,"[39.6129075, -119.5118261]","[""shopping_mall""]"
00b5efe3-f406-4193-a7e6-b9704c5bb0f3,"[32.5222781, -109.1592633]","[""shopping_mall""]"
c4a1cc23-cc0a-45ac-8126-b095658c2155,"[48.7582015, -106.1771661]","[""grocery_store"",""flower_store""]"
d988e545-7633-4c62-82e5-d5998452b084,"[37.4155824, -103.5602749]","[""grocery_store"",""flower_store""]"
71cd7568-c65e-4d40-99a6-76f3cfa8742a,"[37.859705, -75.6252999]","[""convenience store""]"
33980202-1bc3-4059-87bc-dbf68343ca2b,"[47.4894856, -108.1094258]","[""convenience store""]"
2949384d-7555-4e62-9c47-2798dca695e2,"[26.2365889, -78.5071062]","[""shopping_mall""]"
b241c36e-ca15-4e0d-820a-f6945807bb05,"[47.7191739, -98.4224305]","[""convenience store""]"
40f2df3a-f7e0-4aca-9a44-5348862119e7,"[30.0985058, -121.9023721]",[]
c0b45e77-f0b0-4170-97a5-2d16179b7e64,"[41.1423835, -97.6503833]","[""shopping_mall""]"
767530f6-c217-4c7b-af03-f408d730e098,"[44.621703, -116.6529856]","[""grocery_store"",""flower_store""]"
fe740113-af32-4e2d-8cb6-9297602abee8,"[39.0511124, -88.3872237]",[]
95bc4099-7064-47b3-9b44-1a0e46643424,"[32.5587701, -107.6393469]",[]
88fa9a2d-f154-4ab6-82ec-f58fab631a2c,"[40.7509574, -121.8271926]","[""shopping_mall""]"
796bac81-bf09-4297-9ab9-a575c7aa7700,"[37.3212418, -96.4265948]","[""restaurant""]"
bc24e3ee-1e87-4031-bbf9-9ec1b9994a2f,"[32.2810749, -118.4744308]","[""restaurant""]"
11056ed5-500d-4397-82fb-c1654203c9fc,"[27.7128849, -98.7109018]","[""shopping_mall""]"
c6160416-8e4f-40ff-92d1-ec6412218355,"[43.6214826, -105.6947076]","[""grocery_store"",""flower_store""]"
44af8132-0279-48f7-8d57-3a489b5b4105,"[44.9709741, -122.6852366]",[]
971e0cd4-d9de-4d04-99f7-6d3727e36eab,"[39.4267623, -71.5731126]","[""convenience store""]"
890370cf-a44b-4a80-b296-41209df95f4e,"[40.1179806, -83.4752271]","[""convenience store""]"
225e8728-5fa7-4574-9151-5ce254416ed2,"[25.3740838, -70.3109573]","[""restaurant""]"
7779892d-b102-483a-a2f5-a509281d0666,"[25.2804236, -82.7880256]","[""shopping_mall""]"
e3b32e29-f60f-4d38-a742-d3608899a5e4,"[31.8390648, -115.3626749]","[""convenience store""]"
739d6b37-8bf0-4aba-9a9e-90ea8e4a7daa,"[44.3382042, -111.8334062]","[""grocery_store"",""flower_store""]"
f6379a4b-3020-447d-8ad8-025ca0ce51a9,"[37.9431894, -112.6012178]",[]
b7c7d881-6e27-4d9a-b780-d1bccf7b2e18,"[31.1509422, -72.1521189]","[""shopping_mall""]"
772db072-a621-480d-a4d5-dc4fb4b18c98,"[28.3926764, -92.1408096]","[""grocery_store"",""flower_store""]"
2f4b4a54-185e-4e8a-966d-49a99170991a,"[26.6316158, -101.056244]","[""restaurant""]"
b8c851f4-0239-4abd-940a-a6c2e30c882e,"[48.504926, -113.3213871]",[]
ecdce150-54d6-442e-ae42-3513ccebd584,"[34.700891, -118.6477463]",[]
42de6f33-21f1-42c8-8a3e-5c1e71e38acd,"[38.4366295, -103.9854045]","[""shopping_mall""]"
7140ae39-31a0-47f5-8051-28d3486e4721,"[28.6169561, -94.0266119]","[""restaurant""]"
0f51b008-4b55-4cca-ab30-d51d7e39cf71,"[43.3078152, -79.6578903]","[""shopping_mall""]"
928dc79a-eca0-4a0a-856f-1e6cd5376633,"[28.6872735, -98.9747256]","[""restaurant""]"
c186d3e5-2910-4abd-8d60-93068c60ced1,"[48.6914057, -85.7096667]","[""convenience store""]"
9f10ff7a-9391-4e7e-9c7e-c975abdede3d,"[45.6633309, -119.0003593]","[""convenience store""]"
0a99c8dd-49fe-4cfa-b173-681b506e47c1,"[29.9854762, -114.4680132]","[""grocery_store"",""flower_store""]"
7e9ae0e1-40e6-4a10-bc87-69e572bafa8b,"[44.5603082, -102.7504318]","[""grocery_store"",""flower_store""]"
1e3c61a9-0ab3-417b-9eaf-b23fe751b0bb,"[45.345812, -84.7484597]","[""convenience store""]"
8d9a6ebf-cbb4-43be-abbe-67c29c104a39,"[28.2094741, -87.9706413]","[""shopping_mall""]"
adf5857e-4e57-4267-9d19-21990cdba246,"[26.4611196, -80.3480594]","[""convenience store""]"
26c4c968-2125-4a98-bfc3-38dcd313f48a,"[37.6353523, -107.8756242]","[""grocery_store"",""flower_store""]"
82b93037-2c0a-4430-adf7-091f73e509c2,"[36.9650784, -80.5487355]","[""shopping_mall""]"
1ccb5f7f-219d-4c70-af6c-c70b00b239c8,"[40.8334917, -116.1733605]",[]
f535ded7-3e21-4a1e-98dd-f05e044f4046,"[38.1415614, -106.8461493]",[]
dc672560-de5e-4a9b-a078-166b36c0c836,"[26.2077938, -113.7165151]","[""grocery_store"",""flower_store""]"
43993db3-2adc-4141-937f-209b8b8080ca,"[43.5190389, -86.8600398]","[""convenience store""]"
79d42c04-7a7e-41f3-b131-0f21fec7fef4,"[38.0316826, -108.4201119]","[""restaurant""]"
1e59afc2-0314-4a87-b956-fe01aa3f7ba5,"[33.2209414, -110.8960706]","[""restaurant""]"
1d2be66f-116c-44b0-98f1-81c2d3d74748,"[25.3140242, -122.119837]","[""convenience store""]"
4a2ba16a-7191-4f4a-a039-8d2bf2b6bf39,"[46.1601867, -90.2624255]","[""grocery_store"",""flower_store""]"
29025028-18db-441e-b65a-76577cf89902,"[35.1571079, -70.5372169]","[""restaurant""]"
d70a07c9-263a-4cdb-b94c-3410dd732d73,"[33.9122811, -89.7998805]","[""grocery_store"",""flower_store""]"
45eba4a6-c3e3-4834-b500-ae30eb3c2418,"[45.5254582, -111.8028879]","[""shopping_mall""]"
90e26624-e390-4c4f-9986-accc43fd737f,"[26.7308429, -79.3655903]",[]
a13d51df-fa84-4ce6-b954-4a145b28f66a,"[25.4932314, -91.8876689]","[""grocery_store"",""flower_store""]"
1e15055f-b496-452a-9994-d84a260b3c51,"[34.5730842, -90.3195081]","[""convenience store""]"
7323d5b7-0bdc-4507-b098-cb44d2905a52,"[41.9942984, -89.9470049]","[""shopping_mall""]"
3051f215-1800-46cf-a919-b28ea367058d,"[40.198069, -89.1155185]","[""restaurant""]"
247b57f5-c212-4f87-8a8c-bc5bf5b74391,"[41.9142145, -73.6782131]","[""grocery_store"",""flower_store""]"
2950cded-7458-427b-a15d-149c9ff6ac0e,"[27.7947512, -78.9234724]","[""grocery_store"",""flower_store""]"
a4370036-8d6f-44a6-bcc9-f235e964cf44,"[39.0733672, -99.7434087]","[""convenience store""]"
d854daa2-85a3-469c-a816-0af9277fd6c4,"[41.7844321, -107.4568546]","[""grocery_store"",""flower_store""]"
7c478ab6-7a7a-4e60-94ef-c658b1194ac2,"[35.9828588, -75.0600037]","[""shopping_mall""]"
ddd3f07d-f6d4-4028-8fb3-740769b37ead,"[44.4367901, -70.1042113]","[""restaurant""]"
35c7d40c-fe41-4823-a3a4-03f32373744b,"[30.6276028, -99.9113251]",[]
6ef9202e-6c9d-4636-b60a-0047ac219aed,"[36.0131891, -101.3071756]","[""shopping_mall""]"
66e3ea09-ee08-4040-a8da-3074ed94c535,"[34.9998605, -91.0193219]","[""grocery_store"",""flower_store""]"
56338747-246e-431f-ad8f-dfae95a0a87f,"[24.9325641, -90.7541814]","[""grocery_store"",""flower_store""]"
192d3843-9738-414d-8327-725d4511be12,"[44.6334276, -117.2262759]","[""convenience store""]"
f73bad85-d651-41ab-8f09-976cd0d4332a,"[38.2323142, -114.2677672]","[""shopping_mall""]"
934cfec6-451f-4f0f-b000-cc11986a4346,"[49.0327991, -87.2298821]","[""convenience store""]"
b6f3ee77-cafc-4306-b130-7a46c5c233f6,"[28.4267081, -73.1731841]","[""shopping_mall""]"
068c87ed-e53c-4714-b7b7-c33b273fb74e,"[38.9161497, -103.6138353]","[""grocery_store"",""flower_store""]"
9f46218e-7011-4067-9df3-a1dc30a0a5a0,"[31.5396771, -68.0042546]","[""shopping_mall""]"
a87d4ba5-a859-40af-9e59-6dc390e146b1,"[44.1202214, -120.7044862]",[]
84ab6f61-5243-4fca-b076-0171154eff0c,"[33.2769669, -85.3610742]","[""convenience store""]"
84b2b910-3e7a-403d-9aac-26f61fc210ef,"[33.2550793, -106.6070889]","[""convenience store""]"
fcaa6760-7a2e-4566-88fb-552fa38a00c6,"[26.1806178, -104.6511567]","[""shopping_mall""]"
af0f9db4-93e6-401f-9b9c-f4d5a83b6951,"[34.7265604, -118.8987382]","[""convenience store""]"
a8e2a5a8-6de7-42a0-90ed-f72edf84c2c4,"[29.9209446, -87.655835]","[""shopping_mall""]"
f16b2cbd-9441-424b-9376-fbed8c46e606,"[28.9145463, -109.0865236]",[]
fea00f34-4b87-4e8f-b1d4-5a53248c4b63,"[48.3418289, -98.9203552]",[]
69c313ed-f0c8-4520-883e-7d827616c0b9,"[36.67914, -107.4972535]","[""restaurant""]"
31340bb4-b497-4021-98db-7c263d8862fb,"[39.4748235, -71.1663292]","[""convenience store""]"
76e2ea3d-8afc-4678-bd12-261f82bba9d0,"[43.6926645, -67.863009]","[""convenience store""]"
ab4d3d27-7b59-4916-9779-126d1dd7c5a2,"[32.4485968, -115.7630797]","[""restaurant""]"
0ff82a78-ab23-4bad-85b0-28d8ce3c9ee9,"[25.5315854, -103.8116674]","[""shopping_mall""]"
0a1820c2-2063-43ec-b53e-5d59fd0c67c7,"[46.357829, -90.0239816]","[""grocery_store"",""flower_store""]"
83cfaf9b-609e-49d2-831e-eb4556e3a512,"[44.4866417, -69.039891]",[]
3ff449d1-9655-449c-8de0-9bea67c57edc,"[30.3679247, -111.6685161]","[""restaurant""]"
9eb28cdc-f3ad-45e2-ba61-b4cbd1692fc7,"[36.7892319, -75.9418556]","[""grocery_store"",""flower_store""]"
5591e225-2915-46b0-86dc-39159241efe1,"[44.7445018, -71.4030226]",[]
f81b449f-00e5-4da8-b23c-0bc5c731d789,"[45.0064432, -114.9356337]","[""restaurant""]"
050087a1-5e40-45a9-8709-b3a9f016a5c0,"[45.0931482, -78.9628498]","[""convenience store""]"
e802b243-7955-4a86-934c-fc342f9284f9,"[31.0962555, -100.1645499]","[""shopping_mall""]"
c9f1d38c-192d-4375-8d82-17a9358bf5e8,"[25.4697519, -107.0813824]",[]
afbe4ee9-cc2c-48f0-aae8-2ecdb4c6ff25,"[26.6568929, -109.0830285]","[""shopping_mall""]"
908a8040-447d-4ff1-a2cd-bdaccc7463a7,"[41.5546968, -78.766243]","[""shopping_mall""]"
2ebf96ac-c655-4c70-9688-f751774b6593,"[39.202602, -89.345001]","[""restaurant""]"
8b06ae40-09b5-4a41-847c-a0654b345828,"[48.8258759, -99.0271396]","[""grocery_store"",""flower_store""]"
2ac041c4-87a3-4b0b-9fd3-1c8ab0102131,"[39.5266313, -96.8367633]","[""shopping_mall""]"
f26b18e0-a0c9-4fd2-84ec-a9c4d06a951e,"[45.9411936, -98.9934002]",[]
bc6e9e0c-2d2b-4c6e-b069-b450da773174,"[36.3165217, -75.8848911]","[""convenience store""]"
3d461197-997a-4194-bb7b-052056dff2a0,"[35.2899065, -97.4213681]","[""shopping_mall""]"
95c76531-7b0a-4572-a696-3dfb49f4b394,"[41.8735777, -96.6869739]","[""restaurant""]"
0e9ce025-f094-43fc-82f2-c43ee37e7fb9,"[33.8365204, -94.0329175]","[""shopping_mall""]"
990de241-6753-4fab-8f0f-a244906be9bf,"[37.6761601, -113.0119955]","[""grocery_store"",""flower_store""]"
27da9158-e8d3-4510-9136-31829d0e8465,"[45.6301112, -85.7786303]","[""convenience store""]"
3b2f19d1-cd9a-4502-a51f-7bddd1b9b064,"[48.7201742, -68.4685622]","[""convenience store""]"
09ad23b8-1e94-455d-bccf-4bf37c5b3ff4,"[45.2763245, -85.8120123]","[""shopping_mall""]"
1bcc639f-fca3-4ea3-b9b0-182338503fc8,"[27.9642216, -119.4180878]","[""shopping_mall""]"
4e3909db-85c8-41b1-adbc-c00beece943e,"[29.2102577, -84.6551109]",[]
6c6776bc-7b76-4935-a777-4b956e944418,"[47.8524225, -96.6853324]","[""shopping_mall""]"
ce53f02b-a6d1-47ef-8369-dd0ea47b2f1a,"[27.392811, -74.326931]","[""grocery_store"",""flower_store""]"
6bcb8960-8025-44af-b406-2f74379ea2fe,"[25.7661613, -76.8481099]",[]
967021ec-2b62-4c98-8ca5-c6252c84066d,"[32.6247741, -122.9609716]",[]
9d045e1d-56bc-4591-a271-fb65e3564980,"[48.1404402, -99.4064043]","[""grocery_store"",""flower_store""]"
9a8a68eb-7ff0-4c11-b32b-3101c91761b0,"[43.0282772, -73.9422842]","[""restaurant""]"
140d57ec-42dc-42f2-8850-e199701e6387,"[43.1382683, -92.3175831]","[""shopping_mall""]"
782040de-9586-4f62-9fa7-5c3dd377b100,"[40.0791476, -123.3919055]","[""convenience store""]"
5ef97d3f-cf7a-48b6-8f94-9309b4b86413,"[45.6950438, -103.5024959]",[]
68faf2a1-456e-460c-b029-2773912ee357,"[44.3872007, -91.9253804]","[""restaurant""]"
e6835b27-640e-4c59-8233-290b0c2811c7,"[37.505976, -95.9146046]","[""convenience store""]"
778cca63-dffa-4483-90d5-18eada2cac61,"[44.579968, -104.4224763]","[""shopping_mall""]"
44eaffdf-8f15-4a4f-939e-7e3f629b5833,"[42.9433277, -83.2113368]",[]
38a20f20-ff26-4150-94fb-0243a8a0668f,"[31.2981602, -102.2694877]","[""convenience store""]"
cba43795-f178-425d-8d1b-bc1677d164cc,"[46.6827767, -77.6583174]","[""restaurant""]"
a5b9133d-8531-4411-a22d-2fefc287372c,"[26.8376648, -75.5309688]",[]
73234ce5-fbf7-4b92-b960-b8709bcb1d73,"[34.4060864, -101.5303635]",[]
e9a7b43a-3418-411b-abff-e5acb3884571,"[27.6015316, -73.9758755]",[]
44ed6a30-3725-42f9-9e83-047b925beb7c,"[48.2569161, -116.5899074]","[""restaurant""]"
fc09fc5b-5cf6-419c-b53f-598398feb80a,"[39.9113401, -118.9314432]",[]
7c313fdc-6592-478a-b13a-4a04aa243981,"[44.6555049, -93.0933002]","[""shopping_mall""]"
90ade6bc-beec-4700-9a47-792e16b89a7e,"[46.3263342, -99.5637477]","[""shopping_mall""]"
5ee2166d-682a-459d-aebe-ace98a3187cd,"[43.2311237, -90.0686686]","[""restaurant""]"
4e33ca3f-1ca7-4783-9389-f7905e45f99b,"[38.8240369, -106.0736813]","[""shopping_mall""]"
c7e92063-6072-4a65-904e-3e806cd44152,"[27.3415177, -77.8739016]","[""convenience store""]"
67944f9a-47e2-4327-be89-872f8ee14839,"[25.1212797, -119.0359937]","[""convenience store""]"
c4dcd52c-a5b4-4255-ab18-a99431100f99,"[39.6074919, -107.7072367]","[""restaurant""]"
54fec5c4-82ce-42af-a6fd-5cc7160b4dea,"[31.9537114, -82.7259169]","[""grocery_store"",""flower_store""]"
c7a6ead9-837c-4954-85fc-7bfb2ac94951,"[24.8516261, -90.9067067]","[""shopping_mall""]"
fb924cb3-7508-4126-b0a9-8369349c169c,"[47.2607605, -94.1346469]","[""convenience store""]"
f4a73e0a-c395-43f0-aeb3-6cd4f15eb302,"[32.1486869, -103.3845538]",[]
5292abb2-3b99-48f1-9cfb-61364464da04,"[30.2675958, -115.4081765]",[]
6a4c7fdd-9382-426b-a7c3-5c788d0fd2e1,"[42.2224392, -117.9135621]","[""restaurant""]"
d6aec406-1e63-4274-b25b-9a93ecb1e66a,"[39.8787936, -68.4366028]","[""convenience store""]"
315e8853-3c70-40d5-9bb2-a35030b81983,"[36.5884887, -68.105263]",[]
299d7965-54c4-41d2-ab8a-5d9d19e1cb2a,"[41.8257008, -75.446985]",[]
537d38db-d0fe-404e-ae49-9e424c48089d,"[48.6781137, -85.8682108]","[""grocery_store"",""flower_store""]"
711278a1-10fa-4d8e-a01e-25528cde4a9e,"[42.2716545, -96.8339457]","[""convenience store""]"
dca73ce1-3e5f-4af1-bf0d-920964cd891a,"[30.7260076, -98.2917804]","[""grocery_store"",""flower_store""]"
5fd5598f-c265-4eec-8425-ea9d07094d35,"[39.211805, -69.3971395]","[""restaurant""]"
cf41f158-7007-48c2-9201-a6995b7c4fbe,"[36.194693, -123.1101723]","[""convenience store""]"
6c635862-5dd1-4839-b5d5-93057d4fb280,"[26.1642741, -117.0934033]","[""restaurant""]"
b0d8bbb3-87fa-418a-a0ad-502af67d0670,"[43.056093, -84.5867605]",[]
e4ca28c1-49db-475e-b5b4-d35d52ed4acf,"[46.7435325, -87.4541198]","[""shopping_mall""]"
91e48c60-c78e-4c78-b2e3-c8a380927ae1,"[26.3561992, -84.4403036]","[""grocery_store"",""flower_store""]"
a7d837b0-ec71-4941-a795-3ae381587344,"[34.8020177, -67.1178074]","[""shopping_mall""]"
d9aac414-4d25-4ed6-8493-9850ab6e89e8,"[44.4072279, -117.1177563]","[""restaurant""]"
934cfec6-451f-4f0f-b000-cc11986a4346,"[43.0821248, -89.3229181]","[""convenience store""]"
65fb70cb-1ceb-4159-b3a7-7ca7a23bc3c8,"[49.0772945, -121.0366275]","[""convenience store""]"
4447ca7f-e601-44db-9411-3c8d5b6a407d,"[48.9393883, -102.9851335]","[""grocery_store"",""flower_store""]"
17210cdb-7149-4b0d-9f45-ec627fefb62b,"[24.9250203, -84.0062172]","[""restaurant""]"
9f21d5a3-9c75-4ce0-9da1-54245a5957ca,"[47.7912932, -120.9304892]","[""grocery_store"",""flower_store""]"
ac73f636-60f1-4f06-9feb-65fe00c824a0,"[43.15657, -96.442555]","[""convenience store""]"
67957b8c-ea4a-4fce-a824-738834abad1b,"[35.2485496, -92.3504785]","[""shopping_mall""]"
792da954-2e3e-4bb8-8905-4e6906b1829c,"[38.0854975, -82.6964731]","[""shopping_mall""]"
b8fa4a27-f54e-4854-a3b1-bc6bc64b02c6,"[27.0177361, -121.3655906]","[""convenience store""]"
a2e969b2-3866-4473-9d28-994e95697667,"[36.0598318, -93.4320496]","[""restaurant""]"
3ebadb18-3357-47dd-937d-dac45ae54e9d,"[43.869026, -105.7173181]","[""convenience store""]"
0270fea9-7d64-4681-9868-da6fd68fa368,"[47.4211978, -109.5264509]","[""shopping_mall""]"
9b58d596-a88e-4204-b4cb-4f9b361aefd8,"[43.2935647, -115.7585922]","[""restaurant""]"
24f876bb-6db7-4f93-912c-f074679cac41,"[46.5916478, -99.0769013]","[""restaurant""]"
bad45e81-ff6a-4551-868c-e7bd101f5e59,"[31.9625704, -88.1258545]","[""restaurant""]"
8c8d7149-a821-4d59-a688-a697dd7e7ad6,"[48.908507, -113.8383599]",[]
aeacfd2b-e9b7-43b1-b75d-132328e2d2d7,"[28.2354551, -72.8799771]","[""restaurant""]"
d6438cfa-003f-42ab-a21e-ad72b06e42c5,"[39.3945234, -71.523276]","[""convenience store""]"
b63f5f1e-d36e-46d7-8ac9-e1efb7297c73,"[37.0042756, -95.0968888]","[""shopping_mall""]"
82560ecb-ad04-422f-bdb9-04efe0dffc99,"[44.5138188, -104.024697]","[""shopping_mall""]"
88c2b98b-ed96-4e2d-bdf5-b6e31a30dbbb,"[30.4370416, -74.4844798]","[""grocery_store"",""flower_store""]"
3e4d9e31-f367-4355-a1ea-6e6ff8d64971,"[47.6179688, -113.1169503]",[]
bbd20277-62cc-4076-a2c8-bfa79ff227fc,"[45.769436, -118.4970203]","[""convenience store""]"
8a2a89cd-ff40-435d-b273-3a1641e8cb83,"[41.7812137, -91.4788565]","[""grocery_store"",""flower_store""]"
709b471c-67f9-4690-be6f-7da9c718c3aa,"[37.7236024, -101.2049364]","[""grocery_store"",""flower_store""]"
f6f7207b-984f-49eb-a2f1-d66aac34843e,"[25.1690829, -89.9892111]","[""convenience store""]"
0a2c7956-16b0-4f73-9790-036783848f0b,"[48.6118206, -111.6684043]","[""restaurant""]"
550c1508-f6d9-4a7a-8f8d-c203331545ea,"[32.6596145, -94.4438581]","[""restaurant""]"
eea845ca-62fe-4700-b9a8-d383c8831eba,"[48.4522449, -84.2354679]","[""shopping_mall""]"
57b528a2-0677-4a1d-a5fa-5f2bb90f7356,"[45.9855979, -74.2888399]","[""convenience store""]"
24526b34-bd1b-488e-9b84-12890bac7651,"[31.8499496, -84.1702682]","[""restaurant""]"
3e7563b3-3b6d-44cc-a0f4-3ab47e269025,"[34.652821, -107.2219421]",[]
316a0024-2617-4ef7-84d0-1a2b6cd25e61,"[33.8147338, -124.1178442]","[""grocery_store"",""flower_store""]"
f08c1025-8c6b-4c3a-8ca3-80c5283693e4,"[35.141921, -78.2776772]","[""convenience store""]"
be71cf3a-766f-4139-9a5d-7b99885aa397,"[32.4401354, -102.4069047]",[]
d6438cfa-003f-42ab-a21e-ad72b06e42c5,"[30.7769436, -80.2951339]","[""restaurant""]"
c0378a87-c286-441c-a117-1201f17facc5,"[47.0529426, -88.9818297]","[""restaurant""]"
903a197b-49d9-431d-a318-99f96f9a1a95,"[26.8594182, -75.033795]",[]
610b0c4f-2368-40ff-a1c6-112b7620ec32,"[31.4819838, -114.319068]","[""shopping_mall""]"
94832844-368a-44d2-8e84-f3c0e93935f4,"[25.136966, -123.364283]","[""grocery_store"",""flower_store""]"
b2ff43d0-0087-4484-9672-7435ad1bc792,"[42.0688748, -99.6846188]","[""shopping_mall""]"
0c740436-4353-4fb8-bd8b-199c365b84b6,"[46.9727471, -99.139016]","[""convenience store""]"
0e00f89e-c774-44cc-9594-5105f3c0ae36,"[37.023251, -74.4134297]","[""restaurant""]"
b406afdd-36a7-4549-b699-45b7e869c937,"[40.4990576, -77.8667635]","[""shopping_mall""]"
f8ee8df0-9ba0-4c43-a925-0a429a8df709,"[37.0784978, -72.5518862]",[]
418a5d28-3c01-45e7-8938-7f26917835f6,"[31.1144742, -106.7164157]",[]
fc862d38-49da-4172-9974-36d3b66162c6,"[30.7008599, -110.7480454]",[]
db10f510-f740-4f5e-b862-934af03a5946,"[48.6491351, -85.5819928]","[""restaurant""]"
55ea95f8-5fac-4908-9ce5-4d56597a4987,"[37.470186, -76.7891622]","[""convenience store""]"
eea845ca-62fe-4700-b9a8-d383c8831eba,"[46.7219236, -116.8238911]","[""grocery_store"",""flower_store""]"
ad0fdc8a-09f3-40c5-a26e-1793d7fea095,"[28.9007782, -72.7397004]","[""grocery_store"",""flower_store""]"
869b8aac-9b10-4c1b-a571-1c05aef365a2,"[35.2085071, -112.142742]",[]
8f1db890-6e94-4882-8860-ccfcdb0ce8d1,"[31.5317729, -74.2063803]",[]
346dbb85-7f61-4b3b-ae72-80cd5d114411,"[37.986412, -106.9757305]","[""grocery_store"",""flower_store""]"
4ae2e82a-df3b-4e46-8a1a-003c53ac7d23,"[41.2593968, -100.2909725]","[""shopping_mall""]"
2f72957f-cbd4-4244-a0f8-b69dbd99192b,"[38.2002852, -107.3158962]","[""restaurant""]"
936ff50e-8b07-4141-8282-27b18324f758,"[28.3272283, -117.5238566]",[]
f1bdb602-6941-4b51-a2b1-ee4fe7dd2ef2,"[39.4094254, -70.3691939]",[]
ac73ddc0-eba8-479f-a77a-408655be99b7,"[36.5617016, -86.866536]","[""shopping_mall""]"
828afd58-bae1-453a-8dbc-5fd6fc79203d,"[26.530474, -120.1454231]",[]
e0d2026d-83ab-4b6d-88c3-7daff3e1e3f1,"[45.4443264, -78.7044149]","[""grocery_store"",""flower_store""]"
d255bb4f-a24c-4302-aa25-a3b7dd5932a3,"[45.8763896, -98.2536836]","[""restaurant""]"
ea26c9e6-c316-4147-a2fe-adb9025432bb,"[28.17543, -119.5518119]","[""convenience store""]"
09f18399-658c-43e9-8ebe-dd4ba3b55d65,"[29.8418069, -92.4614697]",[]
0e84619c-f9c2-4d2c-9ed2-9e9881649931,"[39.4336643, -71.7208012]","[""shopping_mall""]"
2593f112-48ff-4463-8390-fe7164a03bdb,"[29.2146988, -105.4868193]","[""shopping_mall""]"
40afc9f6-c57c-4a89-abc5-d50112672da6,"[40.9661263, -85.4008087]","[""grocery_store"",""flower_store""]"
a10ce55b-8ca0-4add-bd90-f2b11ecece79,"[34.3991008, -70.7014558]",[]
ff972d4e-766e-4298-b679-2ba896146525,"[35.965332, -82.7339008]","[""shopping_mall""]"
8f452bc6-e248-4dee-a5c0-c88aac57bb1c,"[48.3749391, -116.4570699]","[""shopping_mall""]"
0996ec1d-d6bb-4b9c-a7cb-c64ed1afc2a2,"[37.0052097, -102.4304087]","[""grocery_store"",""flower_store""]"
ddd3f07d-f6d4-4028-8fb3-740769b37ead,"[40.8201489, -107.3217358]","[""shopping_mall""]"
a77ec070-23ab-48a4-b905-6dd254512756,"[30.7160903, -91.2317059]",[]
4c541bb0-b335-499f-85f2-ccbd0319a0b5,"[35.8827643, -68.9866791]","[""convenience store""]"
3e23a9ed-9d96-482e-bb43-24983e54d0d7,"[33.1999069, -104.7782738]","[""convenience store""]"
3d461197-997a-4194-bb7b-052056dff2a0,"[29.1247164, -81.7688426]","[""restaurant""]"
cb6f3605-217b-471f-aeab-59cdfd5e7356,"[35.7015697, -94.9081482]","[""shopping_mall""]"
c476945f-5a07-40d4-bffc-647b468041e4,"[35.1945916, -113.4632256]","[""restaurant""]"
050c7545-729c-43cc-bdaa-86159f90ac6f,"[37.2724497, -102.0171356]","[""restaurant""]"
efb07c5e-01b9-4a38-80db-cc9c75628ccf,"[44.6019815, -76.1029743]","[""restaurant""]"
b77d2ab8-1aa8-4796-8cae-9498d1a93c3b,"[35.5392011, -116.6927126]","[""restaurant""]"
eccda4a8-f439-4d92-b646-d35473979702,"[27.6635004, -67.5028696]","[""convenience store""]"
f0ad0ede-43f7-4cb4-84d5-e5e795f4733d,"[47.2050857, -120.7422193]",[]
38bca816-bace-4c9d-8580-44db240de540,"[29.0978064, -71.4721583]","[""restaurant""]"
f3097184-ef2c-4898-b455-7780ba90eb9b,"[39.6424004, -83.0047253]","[""shopping_mall""]"
a2d4efd6-f644-4fb9-b90b-fd01f6cb9cdb,"[32.18832, -88.2676282]","[""convenience store""]"
707dc3b6-4cff-4417-b45a-1d023c8d62a8,"[32.1433621, -84.5846122]","[""grocery_store"",""flower_store""]"
8bb7a094-a5dd-4167-bbfe-4a81da235342,"[48.8713326, -115.4637434]","[""grocery_store"",""flower_store""]"
60ba8494-158d-4a81-8109-a66bd24740d0,"[37.5816212, -83.5722051]","[""grocery_store"",""flower_store""]"
4c7f94ee-43dc-487e-9f4e-e920d532a372,"[30.2704679, -91.7111698]","[""restaurant""]"
5f324990-56ae-4e2c-bc04-660d9e869f6b,"[34.6045926, -90.2663038]",[]
df0f6477-e350-4a64-9484-8871f0dfa87d,"[28.1266001, -89.9270452]","[""shopping_mall""]"
6a9aede9-af33-4508-a420-8f47de66cf20,"[38.3116697, -82.7589823]",[]
ac628f34-7de0-46d3-8a3a-2b5cd7d61b0b,"[32.9726418, -113.1357149]","[""shopping_mall""]"
54f1416a-a182-4fc5-a024-c0d05fecbf09,"[38.7906681, -119.4186619]","[""grocery_store"",""flower_store""]"
493c42db-f55b-46d6-ad1a-7c668a087a1c,"[34.2630813, -95.4087145]","[""restaurant""]"
236dfb01-2d8c-498b-b620-9fca04b81948,"[36.5406489, -85.8985407]","[""grocery_store"",""flower_store""]"
5080caad-f38e-489b-b6ad-a04b7d800443,"[45.2469517, -95.7042141]","[""shopping_mall""]"
204a4137-2cb6-4ca3-9502-d6caa1793038,"[26.9028596, -98.2593894]",[]
c68aa3a4-1b9f-4a5a-b256-38e94a82d1b5,"[28.9521411, -109.0452592]","[""shopping_mall""]"
fea00f34-4b87-4e8f-b1d4-5a53248c4b63,"[40.5674893, -68.8251627]","[""restaurant""]"
f30b2cd5-354f-4df8-938f-64d3eee4b624,"[39.5913673, -107.9251559]","[""shopping_mall""]"
ad550365-71de-4b93-8ffc-e2f2b57753b6,"[45.2032343, -121.2815353]","[""convenience store""]"
0105b2cc-22b7-4e52-afbf-f7f015a32098,"[26.8942081, -104.6676097]",[]
dbe5990b-71a7-4f86-bd17-49eed179ad5d,"[36.5488792, -119.30804]","[""grocery_store"",""flower_store""]"
cbfebb2e-06c0-4433-b40f-fc92766452f8,"[45.8809505, -78.9184333]","[""shopping_mall""]"
5b8c65dc-ca39-45a0-989d-5e3ee83ed1f3,"[35.762726, -116.2761402]","[""convenience store""]"
22f02673-a5fe-402d-944c-0553fcbfdbda,"[48.246759, -80.6255259]",[]
4b767487-907b-486a-b124-aaca24f7a3f5,"[41.9605168, -85.1283883]","[""convenience store""]"
66bcb58d-4a77-4ef9-8671-7326f5cb708c,"[28.0864263, -76.4395091]","[""shopping_mall""]"
ab3fa0b5-8180-4134-b172-37f98abb6907,"[27.7934706, -97.8693502]","[""convenience store""]"
8d62fd28-a754-435d-b30f-e50923d03323,"[30.4629692, -122.8294049]",[]
325b90b5-1e70-46dd-a637-5c6065f158d0,"[47.7044619, -81.6864843]","[""shopping_mall""]"
87c17e55-dc86-4025-85c4-94ccbd172067,"[36.2509533, -111.3621392]",[]
8f1300e4-08e6-49fb-956a-9439c783845c,"[24.9655268, -123.6107351]","[""shopping_mall""]"
ae027b0b-a912-4253-beea-9dd30ccb77d5,"[25.5858319, -73.0920774]","[""restaurant""]"
48e24aeb-407e-434f-b403-7794236f05dc,"[38.93867, -112.2748111]","[""grocery_store"",""flower_store""]"
89f88869-2512-4ce2-a526-8603bed10af5,"[48.7265099, -105.0295219]","[""restaurant""]"
f7e8dd99-c06e-4f23-8dca-88e2ffaba740,"[37.7004468, -97.9488924]","[""shopping_mall""]"
80892dfb-fc03-4bd4-8685-e7d1c190efee,"[39.9057022, -88.9400748]",[]
9eb28cdc-f3ad-45e2-ba61-b4cbd1692fc7,"[45.3669627, -98.6185525]","[""grocery_store"",""flower_store""]"
f55b5974-70df-4493-b602-93e24f16239b,"[35.2647697, -112.1837922]","[""grocery_store"",""flower_store""]"
25337eef-d42c-47da-b6e6-16c17c0cd8dc,"[35.3215378, -87.2635796]","[""convenience store""]"
3ae78c96-7d02-46b9-866b-0af27a95c376,"[38.3866758, -100.7035039]","[""restaurant""]"
5ad77bba-6b45-4bef-8acf-96bcd7f62782,"[26.4302031, -84.6044969]","[""shopping_mall""]"
d7f52d44-4764-47b7-ae10-db108ea15121,"[42.4030331, -95.4065122]","[""grocery_store"",""flower_store""]"
44eaffdf-8f15-4a4f-939e-7e3f629b5833,"[25.6375715, -117.8712296]",[]
d988e545-7633-4c62-82e5-d5998452b084,"[47.5025257, -94.3224856]","[""grocery_store"",""flower_store""]"
4a747e39-4163-42d7-9117-9994dc9b68ad,"[29.4229444, -115.8908105]","[""grocery_store"",""flower_store""]"
d65731a9-b47a-4001-8ba7-ebc9226add1a,"[28.4660777, -119.2384758]","[""restaurant""]"
ca68d506-d179-46bc-8789-c1d5c7b0341e,"[40.7067658, -109.1650022]","[""convenience store""]"
044f2f5b-ee61-4446-9059-2ea6c6ac9e07,"[30.8866879, -87.7179032]",[]
52ad1574-47e5-4aab-b188-a11a98939056,"[47.5424814, -109.6233329]",[]
c220da98-9e68-463b-99b9-d6d095a9e574,"[33.9124791, -116.3290338]",[]
d0ce96af-b5fe-46ad-b66b-8208ae1711bd,"[42.0223197, -94.4122799]","[""restaurant""]"
ce53f02b-a6d1-47ef-8369-dd0ea47b2f1a,"[42.0602981, -71.4931401]","[""shopping_mall""]"
0d920725-bdb9-42c9-b4f8-c1a76e6bde65,"[46.3492309, -89.3576228]","[""restaurant""]"
5d4e2391-9841-49da-bfdd-e78178994d55,"[27.7927565, -83.6894468]","[""grocery_store"",""flower_store""]"
8168a5b9-f7dd-4fe1-8485-0545143f46eb,"[49.3452126, -103.8479309]","[""convenience store""]"
f34d0eb4-ef7b-43a4-a2ce-b423cf6b31cb,"[37.3266405, -85.8978177]","[""shopping_mall""]"
7544a93a-7d94-4c48-aa2e-9f59f367e10d,"[44.0559572, -106.4283326]","[""restaurant""]"
fefd40cf-1477-4434-915e-2971bd9873a3,"[33.9100727, -100.3491299]",[]
2bce68cb-6410-4729-a388-2e05ad1077fa,"[41.3310701, -106.4169711]",[]
792da954-2e3e-4bb8-8905-4e6906b1829c,"[41.8253513, -80.4945901]","[""shopping_mall""]"
5d598b59-817f-4dcd-9716-9cba49106609,"[33.31119, -81.4690737]","[""shopping_mall""]"
6273f87b-5bd9-4e73-8f49-6adc77f4777e,"[40.7367723, -114.6920542]","[""restaurant""]"
d061023d-c392-4fa6-a2b2-c37f755b428d,"[42.8416691, -77.207622]","[""shopping_mall""]"
4ee8e561-b640-438a-9d5e-d10cce07da34,"[49.0463498, -122.5122912]","[""restaurant""]"
c5abf1e2-5b30-4e84-8bed-a1121778f4c2,"[27.1814371, -87.845374]","[""shopping_mall""]"
b9c37c56-c74f-4c2a-b4fe-cc2c28b877d2,"[30.3343812, -109.0226726]","[""shopping_mall""]"
de3cbcfe-62ba-4045-b912-2b7157970ef1,"[37.1033397, -103.5503593]","[""grocery_store"",""flower_store""]"
c12a520b-3038-49b7-a1a2-dda0485b3ee0,"[44.381667, -75.4791772]","[""grocery_store"",""flower_store""]"
a2ba1f4a-8760-4f0e-9b67-22da9bfb8997,"[47.857313, -81.4194523]","[""grocery_store"",""flower_store""]"
949e338e-44b9-4ce7-b5c5-f24fdb81871f,"[35.1146098, -75.9581102]","[""shopping_mall""]"
96578df4-be9d-461c-8937-2a938c92e96e,"[30.3975142, -77.6022273]",[]
164e5df7-eb1b-41ed-a865-1f69fede3dc7,"[39.6952684, -95.4676201]","[""convenience store""]"
6a9aede9-af33-4508-a420-8f47de66cf20,"[27.3152793, -94.3550355]","[""shopping_mall""]"
91c5bfff-50ca-476d-a475-7cfe6dfccb4c,"[28.0078968, -115.9876269]","[""grocery_store"",""flower_store""]"
e2442069-1fee-461a-b797-9a97b1afe145,"[49.275589, -83.0076357]","[""restaurant""]"
14e35b9e-c462-49e5-9aeb-07e4638e0e79,"[36.3010427, -105.4986116]","[""restaurant""]"
f34d0eb4-ef7b-43a4-a2ce-b423cf6b31cb,"[43.1395431, -92.9081561]","[""shopping_mall""]"
24e50763-2a6a-4125-8589-39397b23c222,"[39.6257474, -123.5045809]","[""shopping_mall""]"
01d65d6a-8cc8-4818-afac-396a83b86758,"[49.1119118, -70.8570822]","[""shopping_mall""]"
0554c325-58c0-4733-ab07-0f37287a5caa,"[40.0989174, -124.5854215]","[""restaurant""]"
a2a05614-0fbd-47f0-8ccc-7a28a879747a,"[32.3234256, -100.8764093]","[""shopping_mall""]"
93367d59-20a9-444c-8f67-efe5ce9334f7,"[45.0608185, -111.5678828]","[""shopping_mall""]"
f09ad68e-fa19-446a-a086-c30986576041,"[29.2307883, -112.1331722]","[""grocery_store"",""flower_store""]"
13a212bb-48db-4d1e-be63-2e3430d15173,"[30.6842736, -99.6634598]","[""restaurant""]"
eb86010a-6e07-46df-9a6d-10f584694c04,"[42.2074683, -83.4464384]","[""grocery_store"",""flower_store""]"
a98cea13-03b5-4569-8275-2aa6169f27f9,"[39.8659993, -115.6467142]",[]
508561fe-16e7-4574-88ab-430161cbf0b9,"[40.3741414, -95.8818592]","[""grocery_store"",""flower_store""]"
2c09d4a0-a8e7-4ad8-93a3-a15a2f404116,"[49.3060233, -87.3650755]",[]
e92a5211-fbae-4f67-8384-6b69c7e3f218,"[24.9111836, -115.5617671]","[""shopping_mall""]"
764fcc06-3fe0-4816-bc97-6ffde5018921,"[38.0214843, -98.0906772]","[""restaurant""]"
eeee9d06-37f4-4dde-9956-892e3796dffb,"[32.9899888, -119.0427129]","[""restaurant""]"
c01c71d8-9491-4026-91a0-63b88396e666,"[26.2858131, -92.8392221]","[""shopping_mall""]"
83bd2760-ab37-4220-9b10-0a947b4aeb97,"[31.0027995, -111.8913282]","[""grocery_store"",""flower_store""]"
34e752a4-036f-482e-9ada-036ff212baad,"[32.2598002, -80.3621418]","[""shopping_mall""]"
31291633-7419-40a0-a21b-3c3dcfd97f4d,"[48.6681041, -106.6085332]","[""convenience store""]"
1e011472-fa8e-4805-9e2b-0abfd0b06843,"[33.7302985, -100.2293612]","[""convenience store""]"
58b0a73a-d9b8-4319-ae77-ac20d8028be2,"[38.5502814, -123.4936623]","[""grocery_store"",""flower_store""]"
c92ddeea-24b6-4588-941d-667f89e39990,"[26.1159045, -106.9873609]","[""restaurant""]"
d6c541c9-cd68-4470-999b-b086cb3e0b3f,"[38.27807, -99.1460383]","[""convenience store""]"
469a7d26-db1b-4b59-8adb-28b7e6cc733b,"[43.2191567, -114.2932044]","[""shopping_mall""]"
1a56261f-c442-496c-a2d3-da9924119268,"[27.3231984, -70.9978549]","[""shopping_mall""]"
44964305-4199-405c-a02e-29db6bb2de74,"[48.3817048, -122.6535409]",[]
1203d9d2-7b30-4efb-972c-5b7f69357693,"[26.6881543, -73.3674821]","[""shopping_mall""]"
2dad9096-b01e-45ca-afbe-18af6f24b090,"[44.1433759, -90.0035089]","[""grocery_store"",""flower_store""]"
c6b4736e-c3dd-402c-8674-5c3f5a1b5e9d,"[34.7964249, -72.3985011]","[""restaurant""]"
968ddfe9-e72f-4e42-88cc-a5043bf09fa8,"[40.3467504, -76.2993166]",[]
5591e225-2915-46b0-86dc-39159241efe1,"[38.7357622, -99.7448719]","[""convenience store""]"
17f64dcb-9835-48b2-907a-9c72a1fffd80,"[38.6649598, -81.0583112]","[""restaurant""]"
9cf08e93-4ff2-4164-8399-230425f03b62,"[38.6111549, -94.4057224]","[""grocery_store"",""flower_store""]"
cb20d0ff-244d-4e66-8bb1-c2b6412957f4,"[29.8922017, -116.286643]","[""restaurant""]"
a8325315-2d75-4129-8db6-afad465190f7,"[26.6293151, -98.5834609]","[""shopping_mall""]"
366f3af2-6e1c-41e0-b678-dd6afa22b701,"[36.2957291, -81.1184664]","[""restaurant""]"
c233df1d-ab38-4e06-b940-c5e6fd91b3dc,"[34.7024395, -94.3595243]","[""shopping_mall""]"
370ebeab-4b1b-40e7-84ad-a241c7438cb7,"[38.034164, -82.6871663]","[""shopping_mall""]"
f5cfb39c-e455-40e7-a385-a76a246800e4,"[31.1053325, -91.0379014]","[""restaurant""]"
c7a6ead9-837c-4954-85fc-7bfb2ac94951,"[42.9941165, -109.0886742]","[""restaurant""]"
a68b25fa-3ea7-47e7-94d9-669540a8bf66,"[41.1479671, -102.8076236]",[]
b81f9264-e992-42f5-ba87-6a501231e8fb,"[26.1476535, -120.8048414]","[""grocery_store"",""flower_store""]"
80ae8681-f48d-4c7b-bd35-495a685a5ec8,"[33.1825629, -118.314477]","[""restaurant""]"
e1aaff37-10dc-490f-937a-1b49390fc29f,"[47.8776133, -75.4223885]","[""grocery_store"",""flower_store""]"
9a54149a-67e7-452f-a62e-42f069fd5228,"[25.9051866, -115.1020901]","[""restaurant""]"
851cff94-60a3-4a57-850a-e5ded78bb1ac,"[25.0154511, -89.8449119]",[]
d3e156b1-01e9-4928-b07d-4f47edb1bbfd,"[39.5651627, -98.3796676]","[""shopping_mall""]"
73976c16-7adb-4e39-b7f5-85d2c9ce0d32,"[35.0389573, -124.6166771]","[""shopping_mall""]"
10056123-99ff-46f6-95e7-794d2437a201,"[36.08142, -93.4911724]",[]
33a5bcab-dab2-405c-b5bf-110d3697896b,"[35.3636554, -76.014395]","[""restaurant""]"
116aa045-712e-4413-a7a6-e58a7df6daa9,"[30.3825484, -69.341425]","[""restaurant""]"
1caa5500-9f15-4051-b553-c596d6fbc836,"[35.571831, -116.1939707]","[""grocery_store"",""flower_store""]"
1a948c2e-8333-4f04-ab78-68cde8d84370,"[35.0572741, -83.8692664]","[""grocery_store"",""flower_store""]"
b7912ce5-e197-4e79-ae8c-e3e039b66c6d,"[26.236865, -84.4723265]","[""grocery_store"",""flower_store""]"
fdbc39c2-e187-4fec-92cf-4ad379b2c1a6,"[47.7694682, -78.005637]","[""convenience store""]"
1d37c2b7-d3a7-43dd-a670-9e6f68e9ad11,"[37.4367557, -79.4802865]","[""convenience store""]"
1b07ed64-c5c9-4d09-8559-2f0d1d4c74f3,"[41.3949042, -122.3735223]","[""convenience store""]"
d549acce-1654-452d-b877-a515eb3452b7,"[26.4012174, -92.1101966]","[""convenience store""]"
3f36f0e6-cf97-4737-8752-e12c6b2bbb5a,"[34.8597458, -100.2624995]","[""shopping_mall""]"
919a1899-bff7-4d17-816a-a3fa6f8edc1d,"[43.0223488, -79.1142585]","[""grocery_store"",""flower_store""]"
de93b1ad-a768-4210-acfd-a32ebfc4559c,"[43.4271375, -81.8074102]",[]
58e92458-5227-41d5-bcd0-4b499a125dab,"[40.1481497, -120.6485795]",[]
24bdae01-1d94-4f20-afb4-c568b64773e8,"[30.4636947, -115.7653707]","[""shopping_mall""]"
cb20a2cf-691c-4e9e-af61-bb1f86ceaca7,"[33.0287112, -76.5972585]","[""convenience store""]"
be77bfaa-3377-436d-806c-21b8ad348712,"[27.5736203, -107.3775731]","[""restaurant""]"
ac73ddc0-eba8-479f-a77a-408655be99b7,"[41.3429352, -83.2170198]",[]
2edd5adf-db16-45bb-a83b-13a01d041da1,"[32.8144049, -118.7668288]","[""convenience store""]"
bddd1447-6570-4a2a-aa0e-9ec65a4a76d7,"[32.9084414, -67.4377803]","[""restaurant""]"
cfbbe8f3-b097-404c-a074-7696ce451349,"[41.0197082, -113.4559559]","[""convenience store""]"
3d6461e0-f1f1-4061-9820-8f53940462de,"[49.1193558, -97.5288812]","[""grocery_store"",""flower_store""]"
2549eb96-f1e4-4f93-a547-0f190e985094,"[42.6645779, -108.6745169]","[""grocery_store"",""flower_store""]"
b144f9e3-f6c1-401f-a997-2637c50e4da1,"[36.7392494, -75.8141995]","[""shopping_mall""]"
284333bb-a133-4cd6-b32a-3ff10880c537,"[46.2820916, -111.8715669]",[]
ec3017e9-616b-4212-b80a-7daac89beb89,"[29.1704043, -124.2168722]","[""restaurant""]"
b654d924-7edd-434a-8088-7dde9a68db89,"[26.146018, -111.991705]","[""grocery_store"",""flower_store""]"
3f01e14c-3afd-44db-aa88-b1202c277d99,"[46.2630294, -81.5789471]","[""shopping_mall""]"
1463161a-8fbc-4912-a4c0-0d2c710c7d87,"[35.6622656, -124.7722343]",[]
84e6a625-3e80-48cd-b7b0-29865e16973f,"[35.1087235, -105.1985115]","[""restaurant""]"
d805cc27-d5fa-4c60-913a-46e84f1e2fcb,"[45.9587465, -100.4266817]","[""convenience store""]"
ac362105-6093-4f9b-9b53-280931394dad,"[32.5189967, -96.9224084]","[""shopping_mall""]"
12f650b5-23fd-42b2-9074-cb5f03250093,"[27.2577993, -114.4927809]","[""restaurant""]"
5a2e539b-d6da-460e-8cb4-571f5cc9e0e5,"[48.3495111, -67.5870247]","[""restaurant""]"
98d1bfe7-3bd2-4e13-9c4f-2cd0a9f1105a,"[29.5994812, -91.5900951]","[""convenience store""]"
2a62092c-a713-4a61-ae1b-5211bac09f58,"[43.8066893, -68.1054704]",[]
b2421ec1-c1c7-4e1c-8435-ffecb332ff67,"[40.4638513, -120.9116261]","[""shopping_mall""]"
8603b4c1-cf10-43e1-bb84-5a0491a4b527,"[36.0939557, -122.9826625]","[""restaurant""]"
0b57a7f1-889e-4432-a4b6-7a31c9340dfb,"[29.8530994, -124.090463]","[""restaurant""]"
4dc2ba28-5761-430c-b656-c5e53c2a4f46,"[44.6071411, -72.5011094]","[""shopping_mall""]"
c50dfb69-9c69-40ea-8c9b-6f317b310731,"[39.4696785, -97.2922084]","[""convenience store""]"
b29a6e73-b365-46cc-b15e-5c4fcf2fb84c,"[36.3153565, -87.261238]","[""restaurant""]"
50ea198b-5477-4910-85ca-bd0237769dae,"[48.0229106, -76.1759776]","[""shopping_mall""]"
30bb95ca-3138-43ed-ba03-02c1473b8fb0,"[43.2695721, -98.9769337]","[""grocery_store"",""flower_store""]"
27f01e36-a3a3-4870-aae2-c7c820e7ebcf,"[35.5799121, -81.0290897]","[""convenience store""]"
dfab9bd0-9cf1-46a1-a8b8-edd31356da4e,"[36.140435, -121.6301449]","[""grocery_store"",""flower_store""]"
9c749ace-72f2-41e4-99df-192c4f53c46e,"[46.229627, -105.3117746]","[""convenience store""]"
72765e53-b682-4720-a7e4-e92277a6be42,"[40.3156463, -103.4460533]","[""grocery_store"",""flower_store""]"
b4210022-ea22-4a71-bd38-0667268ea6d3,"[49.3245774, -84.5810157]","[""convenience store""]"
4b38ba77-c207-4542-a3f3-5e5e22b419e9,"[44.3051664, -79.5844362]","[""restaurant""]"
cfbbe8f3-b097-404c-a074-7696ce451349,"[34.0033884, -108.2141206]","[""convenience store""]"
6df5c26d-e896-4249-9d5c-edc6d0fdb012,"[37.4077325, -118.1813912]","[""shopping_mall""]"
980afadf-ee02-4bb0-8c0b-1c67380f5f13,"[28.6041834, -98.1770732]","[""restaurant""]"
2e39ca64-1cc3-4652-b76c-d36759fc08dd,"[36.105244, -99.4470794]","[""convenience store""]"
16b0e62d-4d05-4d41-910b-c4c8d249ac0b,"[45.3798443, -85.5826134]","[""restaurant""]"
2be19b52-419c-43e7-a4ef-26ea5139d6cd,"[31.2471854, -86.2752419]","[""restaurant""]"
71c68fb9-b7a0-4444-a394-318626dc3044,"[41.5722884, -83.7440459]","[""restaurant""]"
9dba59c2-7d8d-4fac-95f3-c6bd33f6c3d5,"[28.0291317, -115.8382575]","[""restaurant""]"
99757405-abee-4fc9-bd7f-2e7336d7740a,"[47.3796067, -74.5686227]","[""restaurant""]"
fc8f69d5-5c4f-4aa9-aaf1-6416a5a5c932,"[25.0926772, -105.2240363]","[""restaurant""]"
ab01a30a-ea8b-4993-a5cf-ed8f0e4cc5ed,"[44.3485074, -85.1014811]","[""convenience store""]"
06fb5048-f044-4013-ad83-1bad897cd04f,"[35.1222267, -89.9125494]","[""restaurant""]"
17c0ea91-6213-43c1-9c9e-5498a8f0df25,"[44.2182822, -86.932448]","[""convenience store""]"
